# Retired NCBI GeneIDs for taxid 29159, from NCBI gene_history.
# Built by src/mappings/build_crosswalk.py v1.0.0 on 2026-08-27
# Studies analysed against an older annotation report these identifiers; each row
# records the authoritative NCBI replacement. Resolution through this table is
# labelled 'inferred', not 'exact', because it crosses an annotation version.
# 13601 further GeneIDs were discontinued with NO replacement and are
# deliberately absent, so that they stay 'unresolved'.
discontinued_gene_id	current_gene_id	discontinued_symbol	discontinue_date
105317034	105321186	LOC105317034	20200521
105317038	117684277	LOC105317038	20240702
105317039	105340670	LOC105317039	20200521
105317042	105318127	LOC105317042	20200521
105317045	117688064	LOC105317045	20240702
105317046	105347877	LOC105317046	20240702
105317047	105328276	LOC105317047	20200521
105317048	117683055	LOC105317048	20240702
105317049	105318392	LOC105317049	20200521
105317050	105318392	LOC105317050	20200521
105317058	117689844	LOC105317058	20240704
105317062	105317061	LOC105317062	20200521
105317067	105339349	LOC105317067	20200521
105317069	105339346	LOC105317069	20200521
105317070	105339345	LOC105317070	20200521
105317072	117685426	LOC105317072	20240702
105317088	117692971	LOC105317088	20240704
105317089	105345429	LOC105317089	20200521
105317095	105320405	LOC105317095	20200521
105317100	105327218	LOC105317100	20200521
105317103	105317102	LOC105317103	20200521
105317105	105317104	LOC105317105	20200521
105317110	105317922	LOC105317110	20240704
105317129	105345598	LOC105317129	20200521
105317130	105324295	LOC105317130	20200521
105317133	117691133	LOC105317133	20240704
105317140	105338919	LOC105317140	20200521
105317146	105317147	LOC105317146	20200521
105317148	105337969	LOC105317148	20200521
105317149	105337969	LOC105317149	20200521
105317151	105332667	LOC105317151	20200521
105317152	105332667	LOC105317152	20200521
105317175	117689051	LOC105317175	20240702
105317176	117689050	LOC105317176	20240702
105317180	105317181	LOC105317180	20200521
105317182	117689052	LOC105317182	20240702
105317199	105317200	LOC105317199	20200521
105317203	105333953	LOC105317203	20200521
105317240	105317731	LOC105317240	20200521
105317243	105317213	LOC105317243	20200521
105317244	105343828	LOC105317244	20240702
105317246	105327206	LOC105317246	20200521
105317250	105346417	LOC105317250	20200521
105317259	117683802	LOC105317259	20240702
105317267	105347238	LOC105317267	20200521
105317270	105327130	LOC105317270	20240702
105317272	105317288	LOC105317272	20170203
105317273	105341935	LOC105317273	20200521
105317275	105328367	LOC105317275	20200521
105317294	105317296	LOC105317294	20170203
105317297	105317298	LOC105317297	20200521
105317304	105339272	LOC105317304	20200521
105317305	105341533	LOC105317305	20200521
105317312	105317314	LOC105317312	20240702
105317323	105317263	LOC105317323	20200521
105317325	105347421	LOC105317325	20200521
105317331	117682439	LOC105317331	20240704
105317332	105347423	LOC105317332	20200521
105317336	105317337	LOC105317336	20200521
105317351	105317350	LOC105317351	20200521
105317357	105322944	LOC105317357	20200521
105317359	105347683	LOC105317359	20200521
105317367	105317365	LOC105317367	20200521
105317374	105317371	LOC105317374	20200521
105317398	105317404	LOC105317398	20200521
105317405	105322878	LOC105317405	20200521
105317423	105334607	LOC105317423	20200521
105317424	105328709	LOC105317424	20200521
105317427	105346789	LOC105317427	20200521
105317433	105345576	LOC105317433	20200521
105317442	105317441	LOC105317442	20200521
105317446	105345576	LOC105317446	20200521
105317452	105317453	LOC105317452	20200521
105317456	117680405	LOC105317456	20240704
105317458	105346452	LOC105317458	20240702
105317459	109619215	LOC105317459	20200521
105317464	105344449	LOC105317464	20200521
105317474	105317521	LOC105317474	20200521
105317476	105317522	LOC105317476	20170203
105317518	105317529	LOC105317518	20170203
105317519	105317520	LOC105317519	20200521
105317523	105338038	LOC105317523	20200521
105317524	117692791	LOC105317524	20240702
105317525	105327170	LOC105317525	20200521
105317531	105317530	LOC105317531	20200521
105317532	117683930	LOC105317532	20240702
105317537	109617047	LOC105317537	20200521
105317543	117684291	LOC105317543	20240702
105317553	117682840	LOC105317553	20240702
105317559	105317560	LOC105317559	20200521
105317567	117684293	LOC105317567	20240702
105317569	105324296	LOC105317569	20200521
105317602	105317606	LOC105317602	20170203
105317604	105325105	LOC105317604	20240704
105317605	105329201	LOC105317605	20200521
105317607	105336260	LOC105317607	20200521
105317608	105338398	LOC105317608	20200521
105317609	105348367	LOC105317609	20200521
105317621	105320893	LOC105317621	20200521
105317631	105318373	LOC105317631	20200521
105317642	105320645	LOC105317642	20200521
105317643	105320657	LOC105317643	20200521
105317652	105346605	LOC105317652	20200521
105317656	105331880	LOC105317656	20200521
105317668	105317666	LOC105317668	20200521
105317669	105317659	LOC105317669	20200521
105317676	105317406	LOC105317676	20200521
105317682	105317681	LOC105317682	20200521
105317683	105344558	LOC105317683	20200521
105317689	105322975	LOC105317689	20200521
105317694	117683574	LOC105317694	20240704
105317696	117688957	LOC105317696	20240702
105317699	105317674	LOC105317699	20170203
105317703	105322944	LOC105317703	20200521
105317705	105321951	LOC105317705	20200521
105317706	105349224	LOC105317706	20200521
105317712	117687272	LOC105317712	20240704
105317722	117680564	LOC105317722	20240702
105317723	105346790	LOC105317723	20200521
105317725	105317730	LOC105317725	20200521
105317728	105317730	LOC105317728	20200521
105317738	105346177	LOC105317738	20200521
105317742	105317743	LOC105317742	20200521
105317746	117682110	LOC105317746	20240702
105317760	105317761	LOC105317760	20170203
105317762	117682108	LOC105317762	20240702
105317764	105336611	LOC105317764	20200521
105317765	105317817	LOC105317765	20200521
105317766	105317761	LOC105317766	20240702
105317768	105345162	LOC105317768	20200521
105317769	109617676	LOC105317769	20200521
105317770	117682890	LOC105317770	20240702
105317782	105339512	LOC105317782	20240702
105317785	105338548	LOC105317785	20200521
105317786	105317787	LOC105317786	20200521
105317792	105317791	LOC105317792	20200521
105317793	105317791	LOC105317793	20200521
105317800	105317802	LOC105317800	20200521
105317813	105317814	LOC105317813	20170203
105317816	117684220	LOC105317816	20240702
105317824	105320243	LOC105317824	20200521
105317833	105344574	LOC105317833	20200521
105317835	109619798	LOC105317835	20200521
105317838	105324514	LOC105317838	20200521
105317841	105331658	LOC105317841	20200521
105317845	105327933	LOC105317845	20200521
105317860	105326197	LOC105317860	20200521
105317871	105324433	LOC105317871	20200521
105317872	105317886	LOC105317872	20170203
105317873	105319679	LOC105317873	20200521
105317881	105339752	LOC105317881	20200521
105317887	105319344	LOC105317887	20200521
105317895	105332641	LOC105317895	20200521
105317896	105317894	LOC105317896	20200521
105317902	105318823	LOC105317902	20200521
105317903	117684530	LOC105317903	20240704
105317906	105336212	LOC105317906	20240702
105317910	105341957	LOC105317910	20200521
105317918	105323966	LOC105317918	20240702
105317920	105336214	LOC105317920	20240702
105317924	105339863	LOC105317924	20200521
105317925	117686988	LOC105317925	20240704
105317931	105317929	LOC105317931	20170203
105317933	105335534	LOC105317933	20200521
105317942	105331146	LOC105317942	20200521
105317945	105317946	LOC105317945	20170203
105317950	109617338	LOC105317950	20240702
105317963	105347527	LOC105317963	20200521
105317966	105322094	LOC105317966	20200521
105317968	105335333	LOC105317968	20200521
105317969	105317965	LOC105317969	20200521
105317974	105318588	LOC105317974	20200521
105317982	105319256	LOC105317982	20200521
105317989	105317980	LOC105317989	20200521
105318001	117681030	LOC105318001	20240702
105318024	105327679	LOC105318024	20200521
105318063	105318064	LOC105318063	20170203
105318066	105322101	LOC105318066	20240702
105318072	105318084	LOC105318072	20200521
105318075	105326598	LOC105318075	20200521
105318077	117680412	LOC105318077	20240702
105318095	105348705	LOC105318095	20200521
105318096	117688813	LOC105318096	20240702
105318099	105337973	LOC105318099	20200521
105318100	105337973	LOC105318100	20200521
105318103	105325966	LOC105318103	20200521
105318112	105318052	LOC105318112	20170203
105318118	117680576	LOC105318118	20240702
105318119	105343163	LOC105318119	20200521
105318123	105318052	LOC105318123	20170203
105318141	105323043	LOC105318141	20200521
105318142	105334145	LOC105318142	20200521
105318150	105328960	LOC105318150	20200521
105318151	117681103	LOC105318151	20240702
105318154	105319033	LOC105318154	20200521
105318156	105319032	LOC105318156	20200521
105318167	105348750	LOC105318167	20200521
105318170	105318165	LOC105318170	20170203
105318172	105318173	LOC105318172	20240704
105318179	117684721	LOC105318179	20240704
105318184	105318183	LOC105318184	20170203
105318193	105318192	LOC105318193	20170203
105318202	105336080	LOC105318202	20240702
105318213	105318211	LOC105318213	20170203
105318220	105347095	LOC105318220	20200521
105318223	105317886	LOC105318223	20200521
105318224	105317886	LOC105318224	20200521
105318262	105324239	LOC105318262	20200521
105318263	105324239	LOC105318263	20200521
105318267	105318349	LOC105318267	20240702
105318269	105332473	LOC105318269	20200521
105318276	105333234	LOC105318276	20200521
105318280	105346890	LOC105318280	20200521
105318282	109617119	LOC105318282	20200521
105318285	105333234	LOC105318285	20240702
105318302	105339456	LOC105318302	20200521
105318306	105329838	LOC105318306	20200521
105318312	105346446	LOC105318312	20200521
105318314	105319956	LOC105318314	20200521
105318315	105325508	LOC105318315	20200521
105318328	105328423	LOC105318328	20200521
105318333	117691748	LOC105318333	20240702
105318335	105327769	LOC105318335	20200521
105318340	105318327	LOC105318340	20170203
105318347	105318346	LOC105318347	20200521
105318356	105322449	LOC105318356	20200521
105318357	105322449	LOC105318357	20200521
105318360	117680721	LOC105318360	20240702
105318364	105322449	LOC105318364	20200521
105318377	105323230	LOC105318377	20200521
105318386	105324065	LOC105318386	20200521
105318410	105318384	LOC105318410	20200521
105318412	117683485	LOC105318412	20240702
105318413	105318414	LOC105318413	20240704
105318422	105318421	LOC105318422	20200521
105318428	105318430	LOC105318428	20200521
105318431	105330153	LOC105318431	20200521
105318455	105318013	LOC105318455	20200521
105318462	105318463	LOC105318462	20240702
105318467	105323530	LOC105318467	20240702
105318475	105318474	LOC105318475	20170203
105318498	105318385	LOC105318498	20170203
105318505	105317109	LOC105318505	20200521
105318526	105330901	LOC105318526	20200521
105318529	105343069	LOC105318529	20200521
105318530	105328103	LOC105318530	20200521
105318531	105343071	LOC105318531	20200521
105318543	105333538	LOC105318543	20200521
105318552	105321769	LOC105318552	20240702
105318559	105318539	LOC105318559	20200521
105318573	105318572	LOC105318573	20170203
105318576	117683709	LOC105318576	20240704
105318580	105341028	LOC105318580	20200521
105318581	105324187	LOC105318581	20200521
105318619	105318620	LOC105318619	20200521
105318621	105318622	LOC105318621	20170203
105318624	105336635	LOC105318624	20200521
105318626	105337527	LOC105318626	20240702
105318630	105337427	LOC105318630	20200521
105318632	105318629	LOC105318632	20170203
105318640	105335651	LOC105318640	20200521
105318642	105322827	LOC105318642	20240702
105318655	105318653	LOC105318655	20200521
105318661	105318686	LOC105318661	20200521
105318671	105318672	LOC105318671	20170203
105318682	117680299	LOC105318682	20240702
105318685	105318659	LOC105318685	20200521
105318690	105317516	LOC105318690	20200521
105318697	117690541	LOC105318697	20240702
105318698	109618058	LOC105318698	20240702
105318699	117690080	LOC105318699	20240702
105318707	117690532	LOC105318707	20240702
105318712	117690072	LOC105318712	20240702
105318713	105329922	LOC105318713	20200521
105318714	117680472	LOC105318714	20240702
105318720	105318719	LOC105318720	20170203
105318725	105338447	LOC105318725	20200521
105318733	105328103	LOC105318733	20200521
105318752	105339343	LOC105318752	20200521
105318759	105322419	LOC105318759	20200521
105318762	105318711	LOC105318762	20240702
105318764	105318734	LOC105318764	20170203
105318767	105342577	LOC105318767	20240702
105318781	105318780	LOC105318781	20200521
105318797	105332051	LOC105318797	20200521
105318807	105341200	LOC105318807	20200521
105318808	105323800	LOC105318808	20200521
105318813	105334533	LOC105318813	20200521
105318818	105318817	LOC105318818	20200521
105318819	105332051	LOC105318819	20200521
105318820	117690362	LOC105318820	20240702
105318821	109619616	LOC105318821	20240702
105318822	105338770	LOC105318822	20200521
105318832	105335642	LOC105318832	20200521
105318835	117691814	LOC105318835	20240702
105318836	117691810	LOC105318836	20240702
105318838	117691809	LOC105318838	20240702
105318840	117691821	LOC105318840	20240702
105318844	117691811	LOC105318844	20240702
105318862	105318861	LOC105318862	20170203
105318863	117688348	LOC105318863	20240702
105318871	105329632	LOC105318871	20200521
105318876	105339803	LOC105318876	20200521
105318877	105321376	LOC105318877	20200521
105318882	105318881	LOC105318882	20200521
105318883	105339887	LOC105318883	20200521
105318888	105321376	LOC105318888	20200521
105318890	105326395	LOC105318890	20200521
105318892	105347618	LOC105318892	20200521
105318893	105347618	LOC105318893	20170203
105318896	105347601	LOC105318896	20200521
105318905	105318900	LOC105318905	20240702
105318906	105332694	LOC105318906	20200521
105318907	105348053	LOC105318907	20200521
105318912	117689706	LOC105318912	20240702
105318913	105331904	LOC105318913	20200521
105318914	105319054	LOC105318914	20200521
105318933	105344221	LOC105318933	20200521
105318940	105323518	LOC105318940	20200521
105318952	105333941	LOC105318952	20200521
105318962	105337422	LOC105318962	20200521
105318963	105337422	LOC105318963	20200521
105318964	117690005	LOC105318964	20240702
105318970	105323989	LOC105318970	20200521
105318981	105317350	LOC105318981	20200521
105318983	105331279	LOC105318983	20200521
105318986	117690007	LOC105318986	20240704
105318993	109620684	LOC105318993	20200521
105319019	105319015	LOC105319019	20200521
105319025	105319039	LOC105319025	20200521
105319034	105319020	LOC105319034	20200521
105319037	109617462	LOC105319037	20200521
105319040	105325916	LOC105319040	20200521
105319047	109618351	LOC105319047	20200521
105319053	105319069	LOC105319053	20200521
105319063	105327066	LOC105319063	20240704
105319072	105337592	LOC105319072	20200521
105319078	105348450	LOC105319078	20200521
105319094	105343789	LOC105319094	20200521
105319098	105319101	LOC105319098	20170203
105319103	117680642	LOC105319103	20240704
105319104	105329283	LOC105319104	20200521
105319106	105345661	LOC105319106	20240702
105319107	105335609	LOC105319107	20200521
105319111	105346589	LOC105319111	20200521
105319113	105346088	LOC105319113	20200521
105319114	105346089	LOC105319114	20200521
105319117	105328084	LOC105319117	20200521
105319119	105319118	LOC105319119	20170203
105319120	105340437	LOC105319120	20200521
105319126	117692889	LOC105319126	20240702
105319137	117681492	LOC105319137	20240702
105319150	105343067	LOC105319150	20200521
105319152	105336771	LOC105319152	20200521
105319153	105336772	LOC105319153	20200521
105319161	105319775	LOC105319161	20200521
105319162	105329525	LOC105319162	20200521
105319163	105317588	LOC105319163	20200521
105319164	105327813	LOC105319164	20200521
105319165	105327813	LOC105319165	20200521
105319177	105346767	LOC105319177	20200521
105319179	105335125	LOC105319179	20200521
105319196	105319201	LOC105319196	20170203
105319197	105323962	LOC105319197	20200521
105319200	105319201	LOC105319200	20170203
105319202	105323962	LOC105319202	20200521
105319224	105325089	LOC105319224	20240704
105319228	105343954	LOC105319228	20200521
105319229	105325089	LOC105319229	20200521
105319233	105331446	LOC105319233	20200521
105319236	105319092	LOC105319236	20200521
105319252	105330179	LOC105319252	20240702
105319255	105319256	LOC105319255	20170203
105319260	105348082	LOC105319260	20240702
105319264	105319276	LOC105319264	20170203
105319271	105319270	LOC105319271	20170203
105319272	105319012	LOC105319272	20240702
105319277	109620131	LOC105319277	20200521
105319279	117685576	LOC105319279	20240702
105319290	105319289	LOC105319290	20170203
105319291	105339745	LOC105319291	20200521
105319292	105318577	LOC105319292	20200521
105319296	105326266	LOC105319296	20200521
105319300	117688785	LOC105319300	20240702
105319303	105319302	LOC105319303	20170203
105319308	105319309	LOC105319308	20170203
105319323	105319340	LOC105319323	20170203
105319334	105329682	LOC105319334	20200521
105319336	105336574	LOC105319336	20200521
105319357	117692838	LOC105319357	20240704
105319367	105331613	LOC105319367	20200521
105319368	105344343	LOC105319368	20200521
105319374	105322814	LOC105319374	20200521
105319379	105321450	LOC105319379	20200521
105319392	109617518	LOC105319392	20200521
105319428	105344444	LOC105319428	20200521
105319429	105317840	LOC105319429	20200521
105319434	105336566	LOC105319434	20200521
105319436	105327050	LOC105319436	20200521
105319441	105346589	LOC105319441	20200521
105319448	105334155	LOC105319448	20200521
105319450	105320276	LOC105319450	20200521
105319451	105331857	LOC105319451	20200521
105319454	105324479	LOC105319454	20200521
105319455	105323897	LOC105319455	20200521
105319456	105324479	LOC105319456	20200521
105319462	105331620	LOC105319462	20200521
105319463	105327052	LOC105319463	20200521
105319465	105346881	LOC105319465	20200521
105319470	105347760	LOC105319470	20200521
105319472	105319471	LOC105319472	20200521
105319474	117685428	LOC105319474	20240702
105319476	105346758	LOC105319476	20240704
105319477	105330808	LOC105319477	20240702
105319493	105346943	LOC105319493	20200521
105319499	105319503	LOC105319499	20200521
105319500	105319503	LOC105319500	20170203
105319502	105319503	LOC105319502	20240702
105319513	105341146	LOC105319513	20200521
105319514	105341146	LOC105319514	20200521
105319516	105341146	LOC105319516	20200521
105319518	109617042	LOC105319518	20200521
105319521	105341149	LOC105319521	20200521
105319522	105330898	LOC105319522	20200521
105319530	105339979	LOC105319530	20200521
105319531	105339994	LOC105319531	20200521
105319551	105319704	LOC105319551	20170203
105319557	105319555	LOC105319557	20200521
105319558	105319567	LOC105319558	20200521
105319562	105348956	LOC105319562	20200521
105319568	105335411	LOC105319568	20240702
105319571	105339169	LOC105319571	20200521
105319576	105319600	LOC105319576	20200521
105319583	117688271	LOC105319583	20240702
105319584	105344357	LOC105319584	20200521
105319586	105344358	LOC105319586	20200521
105319587	105337784	LOC105319587	20200521
105319594	105336201	LOC105319594	20200521
105319601	105319599	LOC105319601	20200521
105319609	105348008	LOC105319609	20200521
105319611	105333610	LOC105319611	20200521
105319612	105319607	LOC105319612	20170203
105319619	105319617	LOC105319619	20200521
105319627	105323810	LOC105319627	20200521
105319629	105324087	LOC105319629	20200521
105319634	117688091	LOC105319634	20240704
105319639	117681643	LOC105319639	20240702
105319640	117681648	LOC105319640	20240702
105319650	117686921	LOC105319650	20240702
105319654	105329198	LOC105319654	20200521
105319656	105319097	LOC105319656	20200521
105319658	105326630	LOC105319658	20200521
105319665	117681484	LOC105319665	20240702
105319671	117690038	LOC105319671	20240702
105319680	105319679	LOC105319680	20200521
105319695	105348805	LOC105319695	20200521
105319708	105348008	LOC105319708	20200521
105319710	105340809	LOC105319710	20200521
105319718	105335770	LOC105319718	20200521
105319725	105327624	LOC105319725	20200521
105319740	105319741	LOC105319740	20170203
105319748	105319747	LOC105319748	20170203
105319751	117680640	LOC105319751	20240704
105319758	117689840	LOC105319758	20240704
105319760	117680490	LOC105319760	20240702
105319768	105329346	LOC105319768	20200521
105319772	105319773	LOC105319772	20200521
105319774	105319765	LOC105319774	20200521
105319794	105331000	LOC105319794	20200521
105319796	105335506	LOC105319796	20200521
105319821	105319838	LOC105319821	20170203
105319836	109617575	LOC105319836	20240702
105319841	105319839	LOC105319841	20200521
105319842	105319839	LOC105319842	20200521
105319844	105321465	LOC105319844	20200521
105319848	105341638	LOC105319848	20200521
105319851	105319849	LOC105319851	20170203
105319855	105319854	LOC105319855	20200521
105319865	105319864	LOC105319865	20200521
105319872	105319871	LOC105319872	20200521
105319873	105322976	LOC105319873	20200521
105319874	109618803	LOC105319874	20200521
105319887	105341280	LOC105319887	20200521
105319889	105319888	LOC105319889	20170203
105319897	105341280	LOC105319897	20200521
105319898	105342503	LOC105319898	20200521
105319901	105319909	LOC105319901	20240702
105319902	117687739	LOC105319902	20240702
105319903	117687266	LOC105319903	20240702
105319910	117687741	LOC105319910	20240702
105319927	105323385	LOC105319927	20200521
105319953	105318974	LOC105319953	20200521
105319972	105319971	LOC105319972	20240702
105319977	105319978	LOC105319977	20200521
105319980	105345059	LOC105319980	20200521
105319982	117692013	LOC105319982	20240702
105319993	105339715	LOC105319993	20240702
105320005	105320367	LOC105320005	20200521
105320012	105343733	LOC105320012	20200521
105320014	105319468	LOC105320014	20200521
105320020	105320021	LOC105320020	20200521
105320025	105332469	LOC105320025	20240702
105320028	105317795	LOC105320028	20200521
105320060	105336082	LOC105320060	20200521
105320061	105336192	LOC105320061	20200521
105320067	117682430	LOC105320067	20240702
105320070	105323866	LOC105320070	20200521
105320080	117690867	LOC105320080	20240702
105320083	105346374	LOC105320083	20200521
105320093	105320088	LOC105320093	20200521
105320111	105338019	LOC105320111	20200521
105320112	105323992	LOC105320112	20200521
105320114	105331205	LOC105320114	20240702
105320124	105329356	LOC105320124	20200521
105320125	105338276	LOC105320125	20200521
105320134	105320133	LOC105320134	20200521
105320139	105339745	LOC105320139	20200521
105320140	105346589	LOC105320140	20200521
105320145	117690775	LOC105320145	20240702
105320147	105346513	LOC105320147	20200521
105320159	117680495	LOC105320159	20240702
105320163	105321077	LOC105320163	20200521
105320182	105320175	LOC105320182	20200521
105320191	105320192	LOC105320191	20170203
105320199	105320201	LOC105320199	20200521
105320210	105324233	LOC105320210	20200521
105320212	105320211	LOC105320212	20170203
105320213	105320211	LOC105320213	20200521
105320224	105322054	LOC105320224	20240702
105320226	105320225	LOC105320226	20170203
105320229	105345402	LOC105320229	20200521
105320235	105334009	LOC105320235	20200521
105320242	117690047	LOC105320242	20240702
105320249	105322597	LOC105320249	20200521
105320263	105320261	LOC105320263	20200521
105320269	117687321	LOC105320269	20240702
105320271	105339947	LOC105320271	20200521
105320277	105341925	LOC105320277	20200521
105320281	105320807	LOC105320281	20200521
105320293	105339034	LOC105320293	20240704
105320295	105326385	LOC105320295	20200521
105320301	105320298	LOC105320301	20200521
105320310	105338552	LOC105320310	20200521
105320314	117691484	LOC105320314	20240702
105320316	105336190	LOC105320316	20200521
105320323	117681165	LOC105320323	20240702
105320324	117681165	LOC105320324	20170203
105320329	105332837	LOC105320329	20200521
105320334	105323656	LOC105320334	20200521
105320335	105322976	LOC105320335	20200521
105320336	109619000	LOC105320336	20200521
105320339	105339803	LOC105320339	20200521
105320343	105320342	LOC105320343	20170203
105320345	117689691	LOC105320345	20240702
105320346	105332837	LOC105320346	20200521
105320347	117689700	LOC105320347	20240702
105320354	105346603	LOC105320354	20200521
105320361	117688346	LOC105320361	20240702
105320362	105331699	LOC105320362	20200521
105320368	105320364	LOC105320368	20200521
105320398	105323861	LOC105320398	20200521
105320414	105333292	LOC105320414	20200521
105320416	105320441	LOC105320416	20200521
105320443	105320444	LOC105320443	20240702
105320450	105348634	LOC105320450	20200521
105320451	117687229	LOC105320451	20240702
105320454	117690849	LOC105320454	20240704
105320456	117680354	LOC105320456	20240702
105320466	105328838	LOC105320466	20200521
105320478	105343636	LOC105320478	20200521
105320507	105323960	LOC105320507	20200521
105320521	105330217	LOC105320521	20200521
105320524	105323960	LOC105320524	20200521
105320525	105333971	LOC105320525	20200521
105320532	105320538	LOC105320532	20170203
105320533	105320538	LOC105320533	20200521
105320536	105338729	LOC105320536	20200521
105320537	105338729	LOC105320537	20200521
105320539	105340388	LOC105320539	20200521
105320540	105342876	LOC105320540	20200521
105320552	109619902	LOC105320552	20200521
105320555	105334235	LOC105320555	20240702
105320557	105342273	LOC105320557	20200521
105320562	105332229	LOC105320562	20200521
105320566	105330225	LOC105320566	20200521
105320571	105342898	LOC105320571	20200521
105320576	105320581	LOC105320576	20200521
105320582	117681556	LOC105320582	20240702
105320591	105320590	LOC105320591	20240702
105320600	117692793	LOC105320600	20240702
105320605	105328316	LOC105320605	20200521
105320610	105344130	LOC105320610	20240702
105320611	117680659	LOC105320611	20240702
105320648	105342939	LOC105320648	20200521
105320663	105341717	LOC105320663	20200521
105320670	117686236	LOC105320670	20240704
105320674	105320656	LOC105320674	20200521
105320692	105325453	LOC105320692	20200521
105320696	105336094	LOC105320696	20200521
105320697	109617686	LOC105320697	20200521
105320699	105348808	LOC105320699	20240702
105320700	105348384	LOC105320700	20240702
105320708	105342902	LOC105320708	20200521
105320709	105320732	LOC105320709	20200521
105320718	105341815	LOC105320718	20200521
105320729	105325909	LOC105320729	20200521
105320733	105345159	LOC105320733	20200521
105320734	105319344	LOC105320734	20200521
105320747	105327090	LOC105320747	20200521
105320759	105345737	LOC105320759	20200521
105320793	109617694	LOC105320793	20200521
105320797	117691466	LOC105320797	20240702
105320799	105320809	LOC105320799	20170203
105320802	105320801	LOC105320802	20240702
105320804	105320776	LOC105320804	20200521
105320805	105320785	LOC105320805	20170203
105320811	109620298	LOC105320811	20240702
105320817	105321141	LOC105320817	20170203
105320848	105320862	LOC105320848	20200521
105320858	105337540	LOC105320858	20200521
105320859	105320844	LOC105320859	20200521
105320861	105341080	LOC105320861	20200521
105320880	105337780	LOC105320880	20200521
105320884	105326755	LOC105320884	20240702
105320886	105331808	LOC105320886	20200521
105320903	105322530	LOC105320903	20200521
105320905	105327130	LOC105320905	20240704
105320928	105334458	LOC105320928	20200521
105320946	105329094	LOC105320946	20200521
105320948	105343840	LOC105320948	20240702
105320950	117689696	LOC105320950	20240702
105320955	105319069	LOC105320955	20200521
105320958	109618956	LOC105320958	20200521
105320972	109619925	LOC105320972	20200521
105320973	105324119	LOC105320973	20200521
105320975	105337474	LOC105320975	20240702
105320976	105331574	LOC105320976	20200521
105320982	105324339	LOC105320982	20200521
105320990	105335245	LOC105320990	20200521
105320991	105328756	LOC105320991	20200521
105321033	105331551	LOC105321033	20200521
105321036	105331799	LOC105321036	20200521
105321043	105321044	LOC105321043	20240702
105321055	105331694	LOC105321055	20200521
105321062	105321063	LOC105321062	20240702
105321068	105334797	LOC105321068	20200521
105321085	105321924	LOC105321085	20200521
105321100	117692600	LOC105321100	20240702
105321124	105319446	LOC105321124	20240702
105321132	105321141	LOC105321132	20170203
105321144	117693103	LOC105321144	20240702
105321155	105319069	LOC105321155	20200521
105321166	109617754	LOC105321166	20200521
105321168	105321354	LOC105321168	20200521
105321171	105338195	LOC105321171	20200521
105321177	105321354	LOC105321177	20200521
105321181	105333936	LOC105321181	20200521
105321191	105324238	LOC105321191	20200521
105321192	117684472	LOC105321192	20240704
105321206	105321207	LOC105321206	20200521
105321213	105327320	LOC105321213	20200521
105321220	105321218	LOC105321220	20200521
105321227	105321226	LOC105321227	20200521
105321238	105321240	LOC105321238	20200521
105321239	105321236	LOC105321239	20200521
105321244	105321245	LOC105321244	20170203
105321247	105321246	LOC105321247	20200521
105321254	109617073	LOC105321254	20200521
105321264	105324459	LOC105321264	20200521
105321265	105324459	LOC105321265	20170203
105321275	105345661	LOC105321275	20240702
105321279	105321290	LOC105321279	20200521
105321285	105344183	LOC105321285	20200521
105321288	105335012	LOC105321288	20200521
105321294	105340241	LOC105321294	20240704
105321296	105321297	LOC105321296	20200521
105321314	105330927	LOC105321314	20200521
105321319	105324291	LOC105321319	20200521
105321323	105321326	LOC105321323	20170203
105321328	105337506	LOC105321328	20200521
105321330	105318301	LOC105321330	20200521
105321331	105318310	LOC105321331	20200521
105321332	105349158	LOC105321332	20200521
105321355	109620248	LOC105321355	20200521
105321359	105348491	LOC105321359	20240702
105321360	117684917	LOC105321360	20240702
105321362	105321361	LOC105321362	20170203
105321364	105319673	LOC105321364	20200521
105321366	105320668	LOC105321366	20200521
105321371	117686054	LOC105321371	20240702
105321373	109617782	LOC105321373	20200521
105321385	105347760	LOC105321385	20200521
105321387	105347760	LOC105321387	20200521
105321388	117683857	LOC105321388	20240702
105321398	117682466	LOC105321398	20240702
105321408	105321451	LOC105321408	20200521
105321426	105321427	LOC105321426	20200521
105321428	105327064	LOC105321428	20200521
105321430	105344682	LOC105321430	20200521
105321464	117680713	LOC105321464	20240702
105321472	117681202	LOC105321472	20240702
105321474	105326468	LOC105321474	20240704
105321480	105327694	LOC105321480	20200521
105321487	105317438	LOC105321487	20240702
105321490	105333800	LOC105321490	20200521
105321492	105342245	LOC105321492	20200521
105321500	105321499	LOC105321500	20170203
105321543	105318541	LOC105321543	20200521
105321545	117682817	LOC105321545	20240702
105321565	105348182	LOC105321565	20200521
105321567	117681366	LOC105321567	20240702
105321568	105342245	LOC105321568	20200521
105321571	105345800	LOC105321571	20200521
105321572	105321509	LOC105321572	20170203
105321573	105324492	LOC105321573	20200521
105321574	105321575	LOC105321574	20170203
105321577	105321560	LOC105321577	20170203
105321589	105335875	LOC105321589	20200521
105321593	105321592	LOC105321593	20240702
105321594	105321655	LOC105321594	20200521
105321617	109617043	LOC105321617	20240702
105321639	105317601	LOC105321639	20200521
105321643	105329388	LOC105321643	20200521
105321644	105328461	LOC105321644	20200521
105321651	105331906	LOC105321651	20200521
105321653	105321591	LOC105321653	20170203
105321657	105326810	LOC105321657	20200521
105321662	105324085	LOC105321662	20200521
105321691	117681657	LOC105321691	20240702
105321694	105318097	LOC105321694	20200521
105321722	105319138	LOC105321722	20200521
105321729	105331608	LOC105321729	20200521
105321739	105334900	LOC105321739	20200521
105321740	105344636	LOC105321740	20200521
105321741	105334900	LOC105321741	20170203
105321749	117691312	LOC105321749	20240704
105321750	105334900	LOC105321750	20200521
105321754	105320711	LOC105321754	20200521
105321755	105335125	LOC105321755	20200521
105321756	105325691	LOC105321756	20200521
105321766	105321764	LOC105321766	20170203
105321768	117688043	LOC105321768	20240702
105321773	105333781	LOC105321773	20200521
105321781	105322090	LOC105321781	20200521
105321787	117688843	LOC105321787	20240702
105321791	105329192	LOC105321791	20200521
105321794	105330263	LOC105321794	20240704
105321800	105317886	LOC105321800	20200521
105321803	105321805	LOC105321803	20240702
105321804	105337395	LOC105321804	20200521
105321829	105321827	LOC105321829	20200521
105321864	105325472	LOC105321864	20200521
105321866	105348491	LOC105321866	20240702
105321873	105319366	LOC105321873	20200521
105321878	105321877	LOC105321878	20170203
105321882	117691559	LOC105321882	20240704
105321890	105328376	LOC105321890	20200521
105321894	105321984	LOC105321894	20200521
105321904	105343738	LOC105321904	20200521
105321907	105317488	LOC105321907	20200521
105321910	105348700	LOC105321910	20200521
105321911	109617221	LOC105321911	20200521
105321912	105341028	LOC105321912	20200521
105321913	105341028	LOC105321913	20200521
105321920	105337395	LOC105321920	20200521
105321921	105321918	LOC105321921	20200521
105321922	105321923	LOC105321922	20200521
105321925	105336222	LOC105321925	20200521
105321926	105321083	LOC105321926	20200521
105321929	105329774	LOC105321929	20200521
105321942	117686417	LOC105321942	20240702
105321944	105345590	LOC105321944	20200521
105321950	105321951	LOC105321950	20200521
105321954	105345149	LOC105321954	20200521
105321955	105334293	LOC105321955	20200521
105321957	105343100	LOC105321957	20200521
105321973	105329825	LOC105321973	20200521
105321975	105329821	LOC105321975	20200521
105321976	105317739	LOC105321976	20200521
105321978	105335335	LOC105321978	20240702
105321983	117691350	LOC105321983	20240702
105321985	117690782	LOC105321985	20240702
105321991	117688927	LOC105321991	20240702
105322001	105322002	LOC105322001	20200521
105322003	105322002	LOC105322003	20200521
105322004	105317156	LOC105322004	20200521
105322012	105348370	LOC105322012	20200521
105322024	105331805	LOC105322024	20200521
105322025	105322021	LOC105322025	20170203
105322051	105341984	LOC105322051	20200521
105322069	105322065	LOC105322069	20200521
105322073	105331298	LOC105322073	20200521
105322074	105343219	LOC105322074	20200521
105322081	105330756	LOC105322081	20200521
105322083	105319918	LOC105322083	20200521
105322087	105322086	LOC105322087	20240704
105322091	105345895	LOC105322091	20200521
105322092	105345895	LOC105322092	20200521
105322093	105345895	LOC105322093	20200521
105322096	105322112	LOC105322096	20200521
105322098	105322104	LOC105322098	20200521
105322109	105322088	LOC105322109	20170203
105322111	105322112	LOC105322111	20200521
105322114	105325916	LOC105322114	20200521
105322115	105322102	LOC105322115	20200521
105322123	105332910	LOC105322123	20200521
105322127	105320003	LOC105322127	20200521
105322130	105329461	LOC105322130	20200521
105322147	105344750	LOC105322147	20200521
105322148	105344514	LOC105322148	20240704
105322160	105321510	LOC105322160	20200521
105322166	105327040	LOC105322166	20200521
105322170	117686858	LOC105322170	20240704
105322180	105322179	LOC105322180	20240704
105322189	105323157	LOC105322189	20200521
105322200	117685087	LOC105322200	20240702
105322204	109620476	LOC105322204	20240702
105322224	105322411	LOC105322224	20170203
105322242	105322229	LOC105322242	20200521
105322243	105324336	LOC105322243	20200521
105322254	105340955	LOC105322254	20200521
105322260	105322412	LOC105322260	20170203
105322266	105339687	LOC105322266	20240704
105322270	105326683	LOC105322270	20200521
105322278	105336966	LOC105322278	20200521
105322284	117692628	LOC105322284	20240704
105322286	105322297	LOC105322286	20170203
105322302	117680397	LOC105322302	20240702
105322303	117680397	LOC105322303	20240702
105322312	105322310	LOC105322312	20200521
105322342	105322750	LOC105322342	20200521
105322344	105317888	LOC105322344	20200521
105322350	105341969	LOC105322350	20200521
105322351	109617906	LOC105322351	20200521
105322355	105345318	LOC105322355	20200521
105322356	109619567	LOC105322356	20200521
105322372	105334799	LOC105322372	20200521
105322389	105322388	LOC105322389	20240702
105322398	105322397	LOC105322398	20240702
105322400	105347567	LOC105322400	20200521
105322405	105346561	LOC105322405	20200521
105322406	105317080	LOC105322406	20200521
105322408	117683583	LOC105322408	20240702
105322415	105341132	LOC105322415	20200521
105322426	105322427	LOC105322426	20200521
105322448	105322449	LOC105322448	20200521
105322452	117685598	LOC105322452	20240704
105322461	105322462	LOC105322461	20200521
105322470	105322476	LOC105322470	20200521
105322472	105322449	LOC105322472	20170203
105322473	105318355	LOC105322473	20200521
105322475	105342368	LOC105322475	20200521
105322486	105323679	LOC105322486	20200521
105322489	105331011	LOC105322489	20200521
105322490	105336855	LOC105322490	20200521
105322499	105322498	LOC105322499	20240702
105322503	105332452	LOC105322503	20200521
105322511	105322518	LOC105322511	20200521
105322523	105336881	LOC105322523	20200521
105322524	117680643	LOC105322524	20240702
105322526	105318528	LOC105322526	20200521
105322540	105326955	LOC105322540	20200521
105322572	105344708	LOC105322572	20200521
105322574	105329648	LOC105322574	20200521
105322576	105341883	LOC105322576	20200521
105322596	105348726	LOC105322596	20240702
105322602	105329196	LOC105322602	20200521
105322603	105329196	LOC105322603	20200521
105322604	105344598	LOC105322604	20200521
105322605	105347235	LOC105322605	20200521
105322606	105335833	LOC105322606	20200521
105322608	105346222	LOC105322608	20200521
105322611	105322594	LOC105322611	20200521
105322612	105318424	LOC105322612	20200521
105322617	105329196	LOC105322617	20200521
105322627	117681296	LOC105322627	20240704
105322630	105323304	LOC105322630	20200521
105322638	105324444	LOC105322638	20240702
105322640	117693159	LOC105322640	20240702
105322646	105347252	LOC105322646	20200521
105322665	117687816	LOC105322665	20240702
105322679	105347948	LOC105322679	20200521
105322682	105322724	LOC105322682	20170203
105322700	105322728	LOC105322700	20170203
105322718	105318104	LOC105322718	20200521
105322726	105343386	LOC105322726	20200521
105322729	105322713	LOC105322729	20200521
105322730	105344075	LOC105322730	20200521
105322733	117682779	LOC105322733	20240702
105322751	105339410	LOC105322751	20200521
105322752	105346444	LOC105322752	20200521
105322756	105337090	LOC105322756	20200521
105322758	105347705	Galectin-8	20200521
105322775	117684894	LOC105322775	20240702
105322784	117685207	LOC105322784	20240702
105322790	117683262	LOC105322790	20240702
105322797	105324177	LOC105322797	20200521
105322802	105318480	LOC105322802	20200521
105322806	105344291	LOC105322806	20240702
105322809	117686510	LOC105322809	20240702
105322818	105340632	LOC105322818	20200521
105322825	105339710	LOC105322825	20200521
105322833	105336490	LOC105322833	20200521
105322834	105329758	LOC105322834	20240704
105322836	105320669	LOC105322836	20200521
105322839	105317168	LOC105322839	20200521
105322840	105321076	LOC105322840	20240702
105322841	109619279	LOC105322841	20200521
105322857	105333432	LOC105322857	20240702
105322865	105336726	LOC105322865	20200521
105322869	105319173	LOC105322869	20200521
105322870	105320869	LOC105322870	20200521
105322872	109617250	LOC105322872	20240704
105322882	105320855	LOC105322882	20200521
105322884	105328876	LOC105322884	20240702
105322886	105327021	LOC105322886	20200521
105322889	105322187	LOC105322889	20200521
105322900	117689858	LOC105322900	20240704
105322901	105337149	LOC105322901	20240702
105322902	105326461	LOC105322902	20200521
105322905	105319135	LOC105322905	20200521
105322911	109621173	LOC105322911	20240704
105322926	105322917	LOC105322926	20170203
105322927	105322917	LOC105322927	20200521
105322928	105322918	LOC105322928	20170203
105322931	105325370	LOC105322931	20240702
105322939	105319230	LOC105322939	20200521
105322949	105322948	LOC105322949	20170203
105322951	105326145	LOC105322951	20200521
105322952	105349099	LOC105322952	20200521
105322954	105322953	LOC105322954	20200521
105322964	105326648	LOC105322964	20200521
105322965	105345682	LOC105322965	20200521
105322972	105341342	LOC105322972	20200521
105322979	105324422	LOC105322979	20240702
105322980	117692804	LOC105322980	20240702
105322982	117688783	LOC105322982	20240702
105322985	105322986	LOC105322985	20200521
105322987	105322988	LOC105322987	20200521
105323003	105323004	LOC105323003	20200521
105323012	105323023	LOC105323012	20240702
105323014	105325387	LOC105323014	20240702
105323025	117689226	LOC105323025	20240702
105323029	105323030	LOC105323029	20170203
105323032	105346814	LOC105323032	20200521
105323042	105343437	LOC105323042	20200521
105323057	105323116	LOC105323057	20200521
105323061	109618161	LOC105323061	20240702
105323068	105335388	LOC105323068	20200521
105323075	105323120	LOC105323075	20200521
105323088	117681047	LOC105323088	20240702
105323090	117681048	LOC105323090	20240702
105323091	105323092	LOC105323091	20240702
105323100	105318881	LOC105323100	20200521
105323114	105323113	LOC105323114	20200521
105323128	105329376	LOC105323128	20200521
105323148	105330710	LOC105323148	20200521
105323153	105323152	LOC105323153	20170203
105323156	105317998	LOC105323156	20200521
105323190	105333047	LOC105323190	20200521
105323207	105333013	LOC105323207	20200521
105323208	105323209	LOC105323208	20240702
105323211	117682824	LOC105323211	20240702
105323224	105318378	LOC105323224	20200521
105323239	105323240	LOC105323239	20240702
105323258	105318994	LOC105323258	20240702
105323259	105318994	LOC105323259	20200521
105323267	117692383	LOC105323267	20240702
105323268	105323293	LOC105323268	20200521
105323290	117682288	LOC105323290	20240702
105323291	105323245	LOC105323291	20200521
105323292	105321812	LOC105323292	20200521
105323310	105342485	LOC105323310	20240702
105323324	105336400	LOC105323324	20200521
105323340	105338642	LOC105323340	20200521
105323357	105340421	LOC105323357	20200521
105323358	105348319	LOC105323358	20200521
105323360	105345903	LOC105323360	20200521
105323365	105343208	LOC105323365	20200521
105323367	105330475	LOC105323367	20200521
105323369	105328475	LOC105323369	20200521
105323370	105335873	LOC105323370	20200521
105323371	105334467	LOC105323371	20200521
105323373	105323965	LOC105323373	20200521
105323374	105319935	LOC105323374	20200521
105323376	117681259	LOC105323376	20240702
105323377	109617095	LOC105323377	20200521
105323378	105317959	LOC105323378	20200521
105323379	105349169	LOC105323379	20200521
105323383	105321584	LOC105323383	20200521
105323384	105330720	LOC105323384	20200521
105323386	105341917	LOC105323386	20200521
105323389	105332447	LOC105323389	20200521
105323390	105342170	LOC105323390	20200521
105323391	105336499	LOC105323391	20200521
105323392	105340735	LOC105323392	20200521
105323393	105339469	LOC105323393	20200521
105323396	105331236	LOC105323396	20200521
105323397	105341694	LOC105323397	20200521
105323399	105337392	LOC105323399	20200521
105323400	105324595	LOC105323400	20200521
105323401	105319701	LOC105323401	20200521
105323402	105329812	LOC105323402	20200521
105323403	105341230	LOC105323403	20240702
105323404	105348068	LOC105323404	20200521
105323405	105341248	LOC105323405	20200521
105323407	105320780	LOC105323407	20200521
105323408	105334710	LOC105323408	20200521
105323410	105318379	LOC105323410	20200521
105323411	105331424	LOC105323411	20200521
105323412	105348733	LOC105323412	20200521
105323415	105348313	LOC105323415	20200521
105323417	105345939	LOC105323417	20200521
105323418	105340223	LOC105323418	20200521
105323420	105341182	LOC105323420	20200521
105323421	105340173	LOC105323421	20200521
105323425	109617927	LOC105323425	20200521
105323426	105327311	LOC105323426	20200521
105323428	105323937	LOC105323428	20240702
105323429	105324771	LOC105323429	20200521
105323430	105330989	LOC105323430	20200521
105323431	105330493	LOC105323431	20240702
105323432	105327112	LOC105323432	20200521
105323434	105318881	LOC105323434	20200521
105323435	105347193	LOC105323435	20200521
105323436	105347205	LOC105323436	20200521
105323437	105345608	LOC105323437	20200521
105323438	105317057	LOC105323438	20200521
105323439	105342167	LOC105323439	20240702
105323441	105338114	LOC105323441	20200521
105323444	105346235	LOC105323444	20200521
105323448	105329343	LOC105323448	20200521
105323450	105336635	LOC105323450	20200521
105323451	105328194	LOC105323451	20200521
105323452	105324177	LOC105323452	20200521
105323453	105332759	LOC105323453	20200521
105323455	105345297	LOC105323455	20200521
105323456	105322413	LOC105323456	20200521
105323457	105318260	LOC105323457	20200521
105323458	105340670	LOC105323458	20200521
105323462	105320592	LOC105323462	20200521
105323465	109617036	LOC105323465	20200521
105323467	105338126	LOC105323467	20200521
105323468	105322203	LOC105323468	20200521
105323474	105322683	LOC105323474	20200521
105323476	105331343	LOC105323476	20200521
105323481	105348927	LOC105323481	20200521
105323482	117683857	LOC105323482	20240702
105323483	105318324	LOC105323483	20200521
105323484	105328829	LOC105323484	20200521
105323485	105341565	LOC105323485	20200521
105323487	105343257	LOC105323487	20200521
105323488	105338907	LOC105323488	20200521
105323490	105337301	LOC105323490	20200521
105323491	105347333	LOC105323491	20200521
105323492	105327043	LOC105323492	20200521
105323493	105329010	LOC105323493	20200521
105323497	105323303	LOC105323497	20240702
105323499	105326642	LOC105323499	20200521
105323501	105334961	LOC105323501	20200521
105323505	105341965	LOC105323505	20200521
105323506	105334607	LOC105323506	20200521
105323507	105337756	LOC105323507	20200521
105323509	105345208	LOC105323509	20200521
105323510	117686224	LOC105323510	20240702
105323512	105336195	LOC105323512	20200521
105323516	105326740	LOC105323516	20200521
105323520	105325237	LOC105323520	20200521
105323521	105348747	LOC105323521	20200521
105323522	105333880	LOC105323522	20200521
105323523	105339473	LOC105323523	20200521
105323524	105347482	LOC105323524	20200521
105323525	105334187	LOC105323525	20200521
105323532	105329858	LOC105323532	20200521
105323534	105342224	LOC105323534	20200521
105323535	105324203	LOC105323535	20240702
105323536	105326659	LOC105323536	20200521
105323539	105333215	LOC105323539	20200521
105323540	105347974	LOC105323540	20200521
105323541	105331025	LOC105323541	20200521
105323543	105338790	LOC105323543	20200521
105323549	105318541	LOC105323549	20200521
105323553	105329732	LOC105323553	20200521
105323559	105319642	LOC105323559	20200521
105323560	105347767	LOC105323560	20200521
105323562	105321964	LOC105323562	20200521
105323568	105344772	LOC105323568	20200521
105323573	105330917	LOC105323573	20200521
105323576	105343153	LOC105323576	20200521
105323578	105318121	LOC105323578	20200521
105323581	105323582	LOC105323581	20170203
105323583	105348435	LOC105323583	20200521
105323606	105340991	LOC105323606	20240702
105323613	105341582	LOC105323613	20200521
105323616	105345976	LOC105323616	20200521
105323617	109617113	LOC105323617	20200521
105323621	105348525	LOC105323621	20240702
105323624	105333849	LOC105323624	20200521
105323625	105327512	LOC105323625	20200521
105323627	105334149	LOC105323627	20200521
105323628	105320216	LOC105323628	20200521
105323629	105319573	LOC105323629	20200521
105323630	105326659	LOC105323630	20200521
105323632	105347052	LOC105323632	20200521
105323633	105343911	LOC105323633	20200521
105323635	105345972	LOC105323635	20200521
105323636	105341744	LOC105323636	20200521
105323637	105324292	LOC105323637	20200521
105323640	105329042	LOC105323640	20200521
105323643	105321354	LOC105323643	20200521
105323647	105330130	LOC105323647	20200521
105323648	105345682	LOC105323648	20200521
105323649	105347861	LOC105323649	20200521
105323651	105330093	LOC105323651	20200521
105323653	105330325	LOC105323653	20200521
105323655	105340227	LOC105323655	20200521
105323658	105336080	LOC105323658	20200521
105323659	105346970	LOC105323659	20200521
105323660	105327021	LOC105323660	20200521
105323663	105343261	LOC105323663	20200521
105323664	105318087	LOC105323664	20200521
105323673	105329780	LOC105323673	20200521
105323674	105329780	LOC105323674	20170203
105323675	109618097	LOC105323675	20240702
105323680	105322487	LOC105323680	20200521
105323694	105328117	LOC105323694	20170203
105323699	117682024	LOC105323699	20240702
105323701	117691874	LOC105323701	20240702
105323705	105323706	LOC105323705	20200521
105323710	105327591	LOC105323710	20200521
105323712	105318407	LOC105323712	20200521
105323717	105348881	LOC105323717	20200521
105323718	105323720	LOC105323718	20170203
105323719	105327381	LOC105323719	20200521
105323722	105320722	LOC105323722	20200521
105323726	105324875	LOC105323726	20200521
105323729	117692417	LOC105323729	20240702
105323731	105321022	LOC105323731	20200521
105323734	105338469	LOC105323734	20200521
105323735	105331350	LOC105323735	20200521
105323749	105321494	LOC105323749	20200521
105323750	105328903	LOC105323750	20200521
105323751	105330787	LOC105323751	20200521
105323758	105336751	LOC105323758	20200521
105323759	105326607	LOC105323759	20200521
105323761	105325441	LOC105323761	20200521
105323762	109618826	LOC105323762	20240702
105323764	105324069	LOC105323764	20240702
105323766	105344849	LOC105323766	20240702
105323767	105317757	LOC105323767	20200521
105323769	105318810	LOC105323769	20200521
105323770	105339001	LOC105323770	20200521
105323773	105326322	LOC105323773	20200521
105323774	105330706	LOC105323774	20240702
105323775	105345248	LOC105323775	20200521
105323778	109618553	LOC105323778	20200521
105323780	117688959	LOC105323780	20240704
105323784	105321140	LOC105323784	20200521
105323785	105331555	LOC105323785	20200521
105323796	105328541	Tafazzin	20200521
105323797	105341366	LOC105323797	20240702
105323799	105323968	LOC105323799	20200521
105323802	105345709	LOC105323802	20200521
105323804	105324935	LOC105323804	20200521
105323805	105338834	LOC105323805	20200521
105323807	109618134	LOC105323807	20200521
105323809	105323723	LOC105323809	20200521
105323812	105318345	LOC105323812	20200521
105323828	117687409	LOC105323828	20240702
105323830	105346593	LOC105323830	20200521
105323844	105327121	LOC105323844	20200521
105323848	105331908	LOC105323848	20240702
105323849	109618063	LOC105323849	20240702
105323855	105345106	LOC105323855	20200521
105323857	105345645	LOC105323857	20200521
105323858	105333794	LOC105323858	20200521
105323859	105323561	LOC105323859	20240704
105323863	105342912	LOC105323863	20200521
105323865	105347767	LOC105323865	20200521
105323867	105342542	LOC105323867	20200521
105323868	105340617	LOC105323868	20200521
105323876	117684572	LOC105323876	20240704
105323878	105341932	LOC105323878	20240702
105323886	105321677	LOC105323886	20200521
105323892	105347991	LOC105323892	20240702
105323893	109618826	LOC105323893	20200521
105323895	105318101	LOC105323895	20200521
105323901	109618485	LOC105323901	20240702
105323902	105327388	LOC105323902	20200521
105323906	105346803	LOC105323906	20240702
105323908	105335099	LOC105323908	20200521
105323912	105346662	LOC105323912	20200521
105323915	105335316	LOC105323915	20200521
105323920	105331050	LOC105323920	20200521
105323922	105336004	LOC105323922	20200521
105323927	105339831	LOC105323927	20200521
105323931	105321222	LOC105323931	20200521
105323936	105332564	LOC105323936	20200521
105323938	109618180	LOC105323938	20200521
105323939	117684045	LOC105323939	20240702
105323940	105332818	LOC105323940	20200521
105323941	105323930	LOC105323941	20170203
105323943	117680642	LOC105323943	20240702
105323949	105338503	LOC105323949	20200521
105323952	105344139	LOC105323952	20200521
105323954	105328028	LOC105323954	20200521
105323955	105339485	LOC105323955	20200521
105323957	105319769	LOC105323957	20200521
105323958	105335693	LOC105323958	20200521
105323959	105335692	LOC105323959	20200521
105323964	117688198	LOC105323964	20240702
105323969	105318439	LOC105323969	20200521
105323973	105324214	LOC105323973	20200521
105323980	105331118	LOC105323980	20200521
105323981	105342660	LOC105323981	20200521
105323987	105319232	LOC105323987	20200521
105323988	105330787	LOC105323988	20200521
105323996	105340549	LOC105323996	20200521
105323997	105348832	LOC105323997	20240704
105324000	105318334	LOC105324000	20200521
105324001	105344685	LOC105324001	20200521
105324003	105335335	LOC105324003	20200521
105324006	105349046	LOC105324006	20200521
105324012	105334623	LOC105324012	20200521
105324013	105318817	LOC105324013	20200521
105324017	105337969	LOC105324017	20200521
105324018	105330373	LOC105324018	20200521
105324019	105325265	LOC105324019	20200521
105324020	105331446	LOC105324020	20200521
105324021	105341576	LOC105324021	20200521
105324028	105327010	LOC105324028	20200521
105324034	105348325	LOC105324034	20200521
105324037	105321927	LOC105324037	20200521
105324038	105319599	LOC105324038	20200521
105324040	105345905	LOC105324040	20200521
105324044	105317280	LOC105324044	20200521
105324049	105333483	LOC105324049	20240702
105324051	105320509	LOC105324051	20240702
105324055	117681563	LOC105324055	20240702
105324056	105328592	LOC105324056	20200521
105324057	105327698	LOC105324057	20200521
105324058	117691856	LOC105324058	20240702
105324060	117682172	LOC105324060	20240702
105324066	105339947	LOC105324066	20200521
105324067	105339947	LOC105324067	20200521
105324077	105331514	LOC105324077	20200521
105324079	105324069	LOC105324079	20170203
105324083	117690333	LOC105324083	20240702
105324088	105342654	LOC105324088	20200521
105324090	105324091	LOC105324090	20170203
105324093	105324086	LOC105324093	20200521
105324094	105317056	LOC105324094	20200521
105324098	105342898	LOC105324098	20200521
105324100	105325162	LOC105324100	20200521
105324106	105338614	LOC105324106	20200521
105324108	105323517	LOC105324108	20200521
105324111	105329249	LOC105324111	20200521
105324113	105331371	LOC105324113	20200521
105324116	105318331	LOC105324116	20200521
105324123	105340273	LOC105324123	20200521
105324129	105330989	LOC105324129	20200521
105324130	105323111	LOC105324130	20200521
105324132	105324444	LOC105324132	20240702
105324134	105338281	LOC105324134	20200521
105324136	105324420	LOC105324136	20240702
105324137	105327203	LOC105324137	20200521
105324141	105330896	LOC105324141	20200521
105324142	105332549	LOC105324142	20200521
105324146	105338985	LOC105324146	20200521
105324147	105323897	LOC105324147	20200521
105324150	105341293	LOC105324150	20200521
105324152	105336547	LOC105324152	20200521
105324153	105331620	LOC105324153	20200521
105324158	105317488	LOC105324158	20240704
105324164	105347544	LOC105324164	20200521
105324165	105326073	LOC105324165	20200521
105324166	105333531	LOC105324166	20200521
105324173	105338310	LOC105324173	20200521
105324182	105333609	LOC105324182	20200521
105324184	105339283	LOC105324184	20200521
105324185	105342560	LOC105324185	20200521
105324190	105329151	LOC105324190	20200521
105324192	105329152	LOC105324192	20200521
105324193	105344168	LOC105324193	20200521
105324194	105345895	LOC105324194	20200521
105324195	105345895	LOC105324195	20200521
105324197	105322930	LOC105324197	20200521
105324200	117689876	LOC105324200	20240702
105324201	109619537	LOC105324201	20240702
105324207	105328169	LOC105324207	20200521
105324210	105319871	LOC105324210	20200521
105324211	105333483	LOC105324211	20240702
105324215	105324214	LOC105324215	20170203
105324219	105339334	LOC105324219	20240702
105324229	105332492	LOC105324229	20240702
105324235	105329839	LOC105324235	20200521
105324237	105318980	LOC105324237	20200521
105324240	105318264	LOC105324240	20200521
105324244	105340821	LOC105324244	20200521
105324251	105321429	LOC105324251	20200521
105324254	105334145	LOC105324254	20200521
105324257	117682785	LOC105324257	20240704
105324263	105331947	LOC105324263	20200521
105324265	105340717	LOC105324265	20200521
105324271	105328263	LOC105324271	20240702
105324272	109620900	LOC105324272	20200521
105324273	105324274	LOC105324273	20170203
105324276	105330692	LOC105324276	20200521
105324277	105330684	LOC105324277	20200521
105324279	117687060	LOC105324279	20240702
105324280	109617578	LOC105324280	20240704
105324297	105324680	LOC105324297	20170203
105324299	105320082	LOC105324299	20200521
105324301	105324121	LOC105324301	20240702
105324302	105339909	LOC105324302	20200521
105324315	105317959	LOC105324315	20200521
105324318	105345676	LOC105324318	20200521
105324319	105323097	LOC105324319	20200521
105324338	105322229	LOC105324338	20200521
105324343	109621166	LOC105324343	20200521
105324350	105334969	LOC105324350	20200521
105324353	105333180	LOC105324353	20200521
105324354	105333387	LOC105324354	20240702
105324358	117689768	LOC105324358	20240702
105324363	105334138	LOC105324363	20200521
105324370	105325406	LOC105324370	20200521
105324375	117683793	LOC105324375	20240702
105324379	105324380	LOC105324379	20200521
105324389	105342786	LOC105324389	20200521
105324390	105344498	LOC105324390	20240702
105324394	117683909	LOC105324394	20240704
105324395	105322976	LOC105324395	20200521
105324396	105336169	LOC105324396	20200521
105324403	105325881	LOC105324403	20200521
105324407	105327342	LOC105324407	20200521
105324412	105348848	LOC105324412	20200521
105324417	105327203	LOC105324417	20240702
105324419	105339863	LOC105324419	20240702
105324427	105328158	LOC105324427	20200521
105324429	105324214	LOC105324429	20200521
105324434	105342793	LOC105324434	20200521
105324438	117687575	LOC105324438	20240702
105324441	105324442	LOC105324441	20240702
105324455	105328186	LOC105324455	20240702
105324458	105324459	LOC105324458	20170203
105324465	105318195	LOC105324465	20200521
105324467	117684453	LOC105324467	20240702
105324477	105317971	LOC105324477	20200521
105324484	117685503	LOC105324484	20240702
105324485	105346934	LOC105324485	20200521
105324489	105344569	LOC105324489	20200521
105324496	105323723	LOC105324496	20200521
105324503	117693087	LOC105324503	20240702
105324511	117681391	LOC105324511	20240702
105324512	105329886	LOC105324512	20200521
105324518	109618742	LOC105324518	20240702
105324520	105325511	LOC105324520	20240702
105324521	105325486	LOC105324521	20240702
105324524	105324525	LOC105324524	20200521
105324540	117682122	LOC105324540	20240702
105324548	105341398	LOC105324548	20200521
105324558	105324614	LOC105324558	20200521
105324559	105324614	LOC105324559	20200521
105324566	105332166	LOC105324566	20200521
105324568	105324563	LOC105324568	20200521
105324574	117688228	LOC105324574	20240704
105324578	105323703	LOC105324578	20200521
105324596	105324597	LOC105324596	20170203
105324602	105334544	LOC105324602	20200521
105324605	105324611	LOC105324605	20240702
105324608	105326698	LOC105324608	20240702
105324615	105348212	LOC105324615	20200521
105324625	105320373	LOC105324625	20240702
105324630	117692149	LOC105324630	20240702
105324632	105324041	LOC105324632	20240702
105324637	105345908	LOC105324637	20200521
105324654	105324653	LOC105324654	20200521
105324672	105347492	LOC105324672	20240702
105324685	117682523	LOC105324685	20240702
105324689	105325693	LOC105324689	20200521
105324690	105322119	LOC105324690	20200521
105324703	105320761	LOC105324703	20200521
105324714	105342217	LOC105324714	20200521
105324724	105324723	LOC105324724	20170203
105324734	117687527	LOC105324734	20170203
105324743	105338180	LOC105324743	20200521
105324744	105338180	LOC105324744	20200521
105324745	105324742	LOC105324745	20240702
105324750	117686896	LOC105324750	20240702
105324777	117687527	LOC105324777	20240702
105324778	105336114	LOC105324778	20200521
105324782	105345733	LOC105324782	20200521
105324790	105337457	LOC105324790	20200521
105324793	117682670	LOC105324793	20240702
105324794	117685937	LOC105324794	20240702
105324796	105324798	LOC105324796	20200521
105324803	105324402	LOC105324803	20200521
105324805	105346438	LOC105324805	20240704
105324809	105346393	LOC105324809	20200521
105324828	105347281	LOC105324828	20200521
105324836	117682533	LOC105324836	20240704
105324837	105349012	LOC105324837	20240704
105324849	105324846	LOC105324849	20200521
105324854	105334299	LOC105324854	20200521
105324860	105324859	LOC105324860	20200521
105324868	105329310	LOC105324868	20200521
105324871	105324857	LOC105324871	20200521
105324892	105329409	LOC105324892	20200521
105324904	105340252	LOC105324904	20200521
105324906	117689123	LOC105324906	20240702
105324911	105324874	LOC105324911	20170203
105324921	105324920	LOC105324921	20240702
105324939	105335373	LOC105324939	20200521
105324948	105321940	LOC105324948	20200521
105324954	117682534	LOC105324954	20240702
105324955	117682534	LOC105324955	20170203
105325031	105340585	LOC105325031	20200521
105325035	105325033	LOC105325035	20200521
105325036	105346393	LOC105325036	20240704
105325040	117692811	LOC105325040	20240702
105325060	105325059	LOC105325060	20170203
105325082	105325078	LOC105325082	20200521
105325084	105325023	LOC105325084	20170203
105325091	117680588	LOC105325091	20240702
105325101	105322050	LOC105325101	20240704
105325125	105320541	LOC105325125	20200521
105325153	105331766	LOC105325153	20240702
105325158	105325159	LOC105325158	20200521
105325163	105325164	LOC105325163	20170203
105325167	105317248	LOC105325167	20200521
105325168	105317248	LOC105325168	20200521
105325175	105325176	LOC105325175	20200521
105325187	105325189	LOC105325187	20240702
105325196	105335846	LOC105325196	20200521
105325203	105336353	LOC105325203	20240704
105325207	105325160	LOC105325207	20200521
105325210	105325174	LOC105325210	20240702
105325214	105331492	LOC105325214	20200521
105325219	105329713	LOC105325219	20200521
105325220	105342917	LOC105325220	20240704
105325254	105348300	LOC105325254	20200521
105325257	105338148	LOC105325257	20200521
105325273	105324560	LOC105325273	20200521
105325276	105325275	LOC105325276	20200521
105325290	109620633	LOC105325290	20200521
105325293	117685094	LOC105325293	20240702
105325294	105342368	LOC105325294	20200521
105325302	105346635	LOC105325302	20200521
105325304	105325303	LOC105325304	20200521
105325306	117686940	LOC105325306	20240702
105325308	105317615	LOC105325308	20200521
105325310	105325227	LOC105325310	20200521
105325316	117691389	LOC105325316	20240704
105325322	117685094	LOC105325322	20170203
105325324	105342368	LOC105325324	20200521
105325330	105346635	LOC105325330	20200521
105325333	105325332	LOC105325333	20170203
105325350	105318158	LOC105325350	20200521
105325355	105328019	LOC105325355	20200521
105325366	105318997	LOC105325366	20240702
105325384	105325380	LOC105325384	20200521
105325409	105324611	LOC105325409	20200521
105325436	105328026	LOC105325436	20200521
105325452	105320690	LOC105325452	20200521
105325456	105317406	LOC105325456	20200521
105325480	117693090	LOC105325480	20240702
105325484	117680979	LOC105325484	20240702
105325487	117680955	LOC105325487	20240702
105325500	117680997	LOC105325500	20240702
105325520	105339494	LOC105325520	20200521
105325521	117681762	LOC105325521	20240702
105325531	105325532	LOC105325531	20170203
105325543	105325544	LOC105325543	20200521
105325547	105325546	LOC105325547	20200521
105325553	105325662	LOC105325553	20170203
105325562	105337479	LOC105325562	20200521
105325565	105340702	LOC105325565	20200521
105325578	105323477	LOC105325578	20200521
105325582	105347242	LOC105325582	20200521
105325584	105328777	LOC105325584	20200521
105325591	105325590	LOC105325591	20170203
105325602	105335916	LOC105325602	20240702
105325613	109619441	LOC105325613	20200521
105325633	105325632	LOC105325633	20170203
105325637	105325636	LOC105325637	20200521
105325639	105325671	LOC105325639	20200521
105325645	105324516	LOC105325645	20200521
105325647	105325372	LOC105325647	20200521
105325656	105335326	LOC105325656	20200521
105325664	105331843	LOC105325664	20200521
105325665	105320057	LOC105325665	20200521
105325668	105342507	LOC105325668	20200521
105325670	105325636	LOC105325670	20200521
105325681	105328827	LOC105325681	20200521
105325700	105325699	LOC105325700	20200521
105325716	105332837	LOC105325716	20200521
105325720	117683857	LOC105325720	20240702
105325722	109617446	LOC105325722	20200521
105325731	105329079	LOC105325731	20200521
105325735	105332548	LOC105325735	20200521
105325740	117686250	LOC105325740	20240704
105325741	105325742	LOC105325741	20170203
105325745	105342774	LOC105325745	20200521
105325753	105325751	LOC105325753	20200521
105325761	105325760	LOC105325761	20200521
105325763	105345224	LOC105325763	20200521
105325764	105336574	LOC105325764	20200521
105325766	105345560	LOC105325766	20200521
105325770	105330120	LOC105325770	20200521
105325771	105320066	LOC105325771	20200521
105325774	117687139	LOC105325774	20240702
105325780	105332786	LOC105325780	20200521
105325789	105341158	LOC105325789	20200521
105325791	105327532	LOC105325791	20200521
105325792	117692461	LOC105325792	20240702
105325793	105325743	LOC105325793	20240702
105325795	105321142	LOC105325795	20240702
105325801	117684413	LOC105325801	20240702
105325803	109620656	LOC105325803	20200521
105325815	105317840	LOC105325815	20200521
105325819	117684444	LOC105325819	20240702
105325820	105342130	LOC105325820	20200521
105325821	105325816	LOC105325821	20170203
105325822	105325816	LOC105325822	20200521
105325823	105335822	LOC105325823	20200521
105325833	105323459	LOC105325833	20200521
105325835	105338037	LOC105325835	20200521
105325836	105338037	LOC105325836	20200521
105325842	105335821	LOC105325842	20200521
105325845	105331458	LOC105325845	20200521
105325846	105321409	LOC105325846	20200521
105325861	105322193	LOC105325861	20200521
105325862	105325621	LOC105325862	20200521
105325885	105340717	LOC105325885	20200521
105325888	105325887	LOC105325888	20200521
105325910	105325911	LOC105325910	20200521
105325918	105324475	LOC105325918	20200521
105325932	105325930	LOC105325932	20200521
105325935	105325927	LOC105325935	20170203
105325937	105349200	LOC105325937	20240702
105325938	105317055	LOC105325938	20200521
105325949	105325951	LOC105325949	20240702
105325957	117691477	LOC105325957	20240702
105325969	105340670	LOC105325969	20200521
105325984	117692457	LOC105325984	20240702
105326003	105326002	LOC105326003	20240702
105326010	105325985	LOC105326010	20170203
105326011	117683584	LOC105326011	20240704
105326015	105324332	LOC105326015	20240702
105326018	105343777	LOC105326018	20200521
105326019	105343775	LOC105326019	20200521
105326020	105345500	LOC105326020	20200521
105326026	105337423	LOC105326026	20200521
105326030	105327837	LOC105326030	20200521
105326033	105342773	LOC105326033	20200521
105326056	117682044	LOC105326056	20240702
105326061	105334346	LOC105326061	20200521
105326063	105326040	LOC105326063	20200521
105326064	105338572	LOC105326064	20200521
105326070	105330482	LOC105326070	20200521
105326071	105330484	LOC105326071	20200521
105326072	105330483	LOC105326072	20200521
105326075	105326074	LOC105326075	20200521
105326098	105326091	LOC105326098	20200521
105326101	105326093	LOC105326101	20200521
105326102	105326093	LOC105326102	20200521
105326111	105345640	LOC105326111	20200521
105326126	105326132	LOC105326126	20200521
105326128	105330572	LOC105326128	20200521
105326129	105323772	LOC105326129	20200521
105326131	105326124	LOC105326131	20170203
105326136	105340599	LOC105326136	20200521
105326138	105320604	LOC105326138	20200521
105326148	117684852	LOC105326148	20240702
105326167	105346253	LOC105326167	20200521
105326176	105338153	LOC105326176	20240702
105326180	117692307	LOC105326180	20240702
105326182	105324383	LOC105326182	20240702
105326183	105324383	LOC105326183	20170203
105326201	117692516	LOC105326201	20240702
105326205	105326215	LOC105326205	20200521
105326213	105326217	LOC105326213	20200521
105326218	105326219	LOC105326218	20200521
105326220	105326224	LOC105326220	20170203
105326226	117685755	LOC105326226	20240704
105326227	105338106	LOC105326227	20200521
105326229	105346514	LOC105326229	20200521
105326236	105331766	LOC105326236	20240702
105326249	105321345	LOC105326249	20200521
105326258	109618502	LOC105326258	20200521
105326261	105326260	LOC105326261	20200521
105326265	105343556	LOC105326265	20200521
105326268	105327689	LOC105326268	20200521
105326307	105327902	LOC105326307	20200521
105326308	105326286	LOC105326308	20170203
105326309	105318361	LOC105326309	20200521
105326331	117681303	LOC105326331	20240702
105326333	105346522	LOC105326333	20200521
105326347	117690456	LOC105326347	20240702
105326349	105342949	LOC105326349	20200521
105326352	105336800	LOC105326352	20200521
105326373	105345754	LOC105326373	20200521
105326376	105348848	LOC105326376	20200521
105326382	105324557	LOC105326382	20200521
105326386	105331093	LOC105326386	20200521
105326387	105326389	LOC105326387	20200521
105326388	105321386	LOC105326388	20200521
105326398	109617927	LOC105326398	20200521
105326399	105326555	LOC105326399	20240702
105326407	105345268	LOC105326407	20240702
105326408	105342120	LOC105326408	20200521
105326412	105339332	LOC105326412	20200521
105326413	117685512	LOC105326413	20240702
105326421	105326423	LOC105326421	20200521
105326428	105341076	LOC105326428	20200521
105326441	105326443	LOC105326441	20170203
105326442	105326444	LOC105326442	20200521
105326446	105330571	LOC105326446	20200521
105326447	105326448	LOC105326447	20240702
105326454	105338899	LOC105326454	20200521
105326455	105326414	LOC105326455	20170203
105326459	105338770	LOC105326459	20200521
105326471	105346589	LOC105326471	20200521
105326476	117680407	LOC105326476	20240702
105326497	105326481	LOC105326497	20170203
105326504	105322716	LOC105326504	20200521
105326511	117685872	LOC105326511	20240702
105326522	105329305	LOC105326522	20200521
105326525	105326537	LOC105326525	20170203
105326530	117689614	LOC105326530	20240704
105326533	105340738	LOC105326533	20200521
105326539	105322636	LOC105326539	20200521
105326543	117692189	LOC105326543	20240702
105326549	105345309	LOC105326549	20170203
105326552	117692190	LOC105326552	20240702
105326567	105345309	LOC105326567	20200521
105326568	105335189	LOC105326568	20200521
105326569	105326394	LOC105326569	20200521
105326571	105329042	LOC105326571	20200521
105326577	105344159	LOC105326577	20200521
105326578	105332746	LOC105326578	20200521
105326580	105336201	LOC105326580	20200521
105326581	117692569	LOC105326581	20240702
105326592	105326590	LOC105326592	20240702
105326605	105322090	LOC105326605	20240704
105326606	117681430	LOC105326606	20240702
105326615	105327207	LOC105326615	20240704
105326621	105331478	LOC105326621	20200521
105326622	105326623	LOC105326622	20200521
105326636	105337456	LOC105326636	20200521
105326645	105345448	LOC105326645	20200521
105326647	105322958	LOC105326647	20200521
105326655	105326654	LOC105326655	20170203
105326657	105337455	LOC105326657	20200521
105326663	105347072	LOC105326663	20200521
105326669	105347321	LOC105326669	20200521
105326673	105326000	LOC105326673	20200521
105326674	105326680	LOC105326674	20170203
105326676	105326675	LOC105326676	20200521
105326682	117688396	LOC105326682	20240702
105326686	105322269	LOC105326686	20200521
105326692	105327060	LOC105326692	20200521
105326693	105326691	LOC105326693	20200521
105326695	105331287	LOC105326695	20200521
105326715	105338295	LOC105326715	20200521
105326732	105326717	LOC105326732	20200521
105326752	105328887	LOC105326752	20200521
105326773	105326774	LOC105326773	20170203
105326781	117692296	LOC105326781	20240702
105326802	105326801	LOC105326802	20170203
105326805	117681428	LOC105326805	20240702
105326806	105326808	LOC105326806	20170203
105326820	109617194	LOC105326820	20240704
105326824	105326838	LOC105326824	20200521
105326830	105328263	LOC105326830	20240704
105326837	105326838	LOC105326837	20170203
105326840	105331011	LOC105326840	20200521
105326843	105326842	LOC105326843	20200521
105326849	105326850	LOC105326849	20200521
105326862	105319293	LOC105326862	20200521
105326864	109618180	LOC105326864	20200521
105326870	105326917	LOC105326870	20200521
105326871	105321664	LOC105326871	20200521
105326873	105344206	LOC105326873	20200521
105326874	105324460	LOC105326874	20200521
105326876	105326875	LOC105326876	20200521
105326877	109618872	LOC105326877	20240702
105326878	105343104	LOC105326878	20200521
105326881	105339165	LOC105326881	20200521
105326893	105327689	LOC105326893	20200521
105326899	105326897	LOC105326899	20240702
105326902	105317633	LOC105326902	20200521
105326903	117681253	LOC105326903	20240702
105326905	117680632	LOC105326905	20240702
105326909	117687352	LOC105326909	20240702
105326911	105326912	LOC105326911	20240702
105326913	117687695	LOC105326913	20240702
105326914	109617062	LOC105326914	20240702
105326915	109617062	LOC105326915	20200521
105326921	105317633	LOC105326921	20200521
105326937	105343398	LOC105326937	20200521
105326942	105340241	LOC105326942	20200521
105326945	105329454	LOC105326945	20200521
105326952	117680506	LOC105326952	20240702
105326953	105340762	LOC105326953	20200521
105326961	105329171	LOC105326961	20200521
105326962	105326948	LOC105326962	20200521
105326967	105326968	LOC105326967	20170203
105326969	109618685	LOC105326969	20240702
105326970	105319129	LOC105326970	20200521
105326983	105325172	LOC105326983	20200521
105327002	105334183	LOC105327002	20240702
105327003	105334183	LOC105327003	20200521
105327006	117686837	LOC105327006	20240702
105327009	105347553	LOC105327009	20200521
105327011	105327010	LOC105327011	20200521
105327014	105327013	LOC105327014	20240702
105327020	105333965	LOC105327020	20200521
105327026	105321400	LOC105327026	20200521
105327035	105327038	LOC105327035	20170203
105327047	105331963	LOC105327047	20170203
105327048	105331963	LOC105327048	20200521
105327049	105331963	LOC105327049	20200521
105327056	105321439	LOC105327056	20200521
105327061	105331287	LOC105327061	20200521
105327063	105321449	LOC105327063	20200521
105327065	105337955	LOC105327065	20200521
105327068	117685507	LOC105327068	20240704
105327069	105332503	LOC105327069	20240702
105327081	105331010	LOC105327081	20240704
105327092	105344266	LOC105327092	20200521
105327105	105327104	LOC105327105	20170203
105327115	105319613	LOC105327115	20200521
105327118	105327117	LOC105327118	20170203
105327126	105327187	LOC105327126	20170203
105327131	105327187	LOC105327131	20170203
105327135	105349065	LOC105327135	20200521
105327136	105327107	LOC105327136	20170203
105327140	105340062	LOC105327140	20200521
105327174	105327172	LOC105327174	20240704
105327176	105327178	LOC105327176	20240702
105327181	109618720	LOC105327181	20200521
105327198	105329882	LOC105327198	20200521
105327221	105333714	LOC105327221	20200521
105327222	105334969	LOC105327222	20200521
105327234	105327235	LOC105327234	20200521
105327238	105322803	LOC105327238	20200521
105327242	105327241	LOC105327242	20170203
105327261	105343146	LOC105327261	20200521
105327267	105327269	LOC105327267	20200521
105327287	105324598	LOC105327287	20200521
105327297	105327253	LOC105327297	20170203
105327298	105337192	LOC105327298	20200521
105327303	105327289	LOC105327303	20200521
105327304	105318454	LOC105327304	20200521
105327315	105320444	LOC105327315	20200521
105327317	105327309	LOC105327317	20170203
105327318	105327309	LOC105327318	20170203
105327319	105320444	LOC105327319	20170203
105327325	105327327	LOC105327325	20200521
105327344	105319062	LOC105327344	20200521
105327347	105319312	LOC105327347	20200521
105327356	117680533	LOC105327356	20240702
105327357	117680533	LOC105327357	20170203
105327368	105319881	LOC105327368	20200521
105327384	105322492	LOC105327384	20170203
105327410	105327398	LOC105327410	20170203
105327412	105344869	LOC105327412	20200521
105327438	105348272	LOC105327438	20200521
105327455	105345976	LOC105327455	20200521
105327456	105318121	LOC105327456	20200521
105327457	117691277	LOC105327457	20240702
105327461	105327462	LOC105327461	20200521
105327471	105327470	LOC105327471	20240702
105327486	105339341	LOC105327486	20200521
105327501	105328884	LOC105327501	20200521
105327502	105328884	LOC105327502	20240704
105327509	105322088	LOC105327509	20200521
105327513	105327512	LOC105327513	20170203
105327557	105339341	LOC105327557	20200521
105327559	109618669	LOC105327559	20200521
105327568	105339713	LOC105327568	20200521
105327570	105327207	LOC105327570	20200521
105327599	105332158	LOC105327599	20200521
105327602	117690128	LOC105327602	20240702
105327603	117690128	LOC105327603	20170203
105327609	109618044	LOC105327609	20240702
105327614	105332879	LOC105327614	20200521
105327619	105327620	LOC105327619	20170203
105327641	105327642	LOC105327641	20170203
105327646	105327597	LOC105327646	20200521
105327647	105323570	LOC105327647	20200521
105327650	117690134	LOC105327650	20240702
105327655	105325660	LOC105327655	20200521
105327681	117687463	LOC105327681	20240702
105327685	117686578	LOC105327685	20240702
105327697	105327696	LOC105327697	20170203
105327707	105327706	LOC105327707	20200521
105327711	105321396	LOC105327711	20240704
105327717	105335714	LOC105327717	20200521
105327725	117683416	LOC105327725	20240704
105327736	105323998	LOC105327736	20200521
105327738	105319310	LOC105327738	20200521
105327766	117692329	LOC105327766	20240702
105327768	105332754	LOC105327768	20200521
105327795	105336394	LOC105327795	20240702
105327796	105343347	LOC105327796	20240702
105327799	105329942	LOC105327799	20200521
105327801	105329942	LOC105327801	20200521
105327809	105337626	LOC105327809	20200521
105327818	105334492	LOC105327818	20200521
105327820	105332002	LOC105327820	20200521
105327821	105334492	LOC105327821	20200521
105327822	105346275	LOC105327822	20200521
105327825	105348155	LOC105327825	20200521
105327832	109619606	LOC105327832	20200521
105327833	105343447	LOC105327833	20200521
105327841	117680722	LOC105327841	20240702
105327857	117680718	LOC105327857	20240702
105327862	109618706	LOC105327862	20200521
105327866	117684939	LOC105327866	20240702
105327879	105323062	LOC105327879	20200521
105327881	105339740	LOC105327881	20240702
105327884	117691403	LOC105327884	20240702
105327886	105336706	LOC105327886	20200521
105327887	105327902	LOC105327887	20200521
105327889	105343341	LOC105327889	20240704
105327893	117688279	LOC105327893	20240702
105327900	105326740	LOC105327900	20200521
105327908	105340794	LOC105327908	20200521
105327912	105326675	LOC105327912	20200521
105327916	105327948	LOC105327916	20200521
105327917	105327948	LOC105327917	20200521
105327923	117681851	LOC105327923	20240702
105327944	105327945	LOC105327944	20200521
105327951	105324573	LOC105327951	20200521
105327952	105345876	LOC105327952	20240702
105327953	105346141	LOC105327953	20200521
105327954	117684257	LOC105327954	20240702
105327972	117681323	LOC105327972	20240702
105327974	105340250	LOC105327974	20240702
105327979	105342906	LOC105327979	20200521
105327980	105341323	LOC105327980	20200521
105327983	105343040	LOC105327983	20240704
105327985	117681175	LOC105327985	20240702
105327992	105343354	LOC105327992	20200521
105327997	105327999	LOC105327997	20240702
105328009	105319967	LOC105328009	20200521
105328010	105336686	LOC105328010	20200521
105328013	105328004	LOC105328013	20170203
105328016	105337488	LOC105328016	20200521
105328036	105328035	LOC105328036	20240702
105328047	105340798	LOC105328047	20200521
105328054	105319015	LOC105328054	20200521
105328061	105328060	LOC105328061	20170203
105328068	105338798	LOC105328068	20200521
105328069	105344351	LOC105328069	20200521
105328071	105328072	LOC105328071	20200521
105328074	105345552	LOC105328074	20200521
105328075	109617428	LOC105328075	20200521
105328077	105345430	LOC105328077	20200521
105328082	105325929	LOC105328082	20200521
105328099	105317114	LOC105328099	20200521
105328104	105348879	LOC105328104	20240702
105328105	105322773	LOC105328105	20200521
105328107	105321677	LOC105328107	20200521
105328109	105344104	LOC105328109	20200521
105328115	117685302	LOC105328115	20240702
105328120	105325660	LOC105328120	20240702
105328122	117690941	LOC105328122	20240702
105328123	105345752	LOC105328123	20200521
105328128	117685057	LOC105328128	20240702
105328130	117687545	LOC105328130	20240704
105328134	105324387	LOC105328134	20240702
105328136	117682932	LOC105328136	20240702
105328143	105328165	LOC105328143	20240702
105328144	117685752	LOC105328144	20240702
105328149	105328148	LOC105328149	20170203
105328150	105328148	LOC105328150	20170203
105328152	105335442	LOC105328152	20200521
105328154	105335442	LOC105328154	20200521
105328164	105328142	LOC105328164	20170203
105328167	105346926	LOC105328167	20200521
105328168	105345639	LOC105328168	20200521
105328177	105335826	LOC105328177	20200521
105328181	105339272	LOC105328181	20200521
105328199	105347426	LOC105328199	20200521
105328207	105328206	LOC105328207	20200521
105328213	105328214	LOC105328213	20200521
105328216	105328215	LOC105328216	20170203
105328233	105328232	LOC105328233	20200521
105328234	117680355	LOC105328234	20240702
105328244	105328243	LOC105328244	20200521
105328249	105347430	LOC105328249	20200521
105328255	105328246	LOC105328255	20200521
105328258	117688354	LOC105328258	20240702
105328259	105328261	LOC105328259	20170203
105328264	105334269	LOC105328264	20200521
105328265	105323685	LOC105328265	20200521
105328281	105328282	LOC105328281	20200521
105328309	105329277	LOC105328309	20200521
105328312	105334892	LOC105328312	20200521
105328319	105321640	LOC105328319	20200521
105328324	117689745	LOC105328324	20240704
105328326	105328325	LOC105328326	20170203
105328327	117689761	LOC105328327	20240702
105328329	117689754	LOC105328329	20240702
105328330	117689749	LOC105328330	20240702
105328331	105346146	LOC105328331	20200521
105328338	117684619	LOC105328338	20240702
105328339	117684612	LOC105328339	20240702
105328341	117684613	LOC105328341	20240702
105328346	117684618	LOC105328346	20240702
105328351	105340507	LOC105328351	20200521
105328354	105328431	LOC105328354	20170203
105328358	105328360	LOC105328358	20240702
105328363	105334126	LOC105328363	20200521
105328364	105334126	LOC105328364	20200521
105328383	105346342	LOC105328383	20200521
105328384	105333596	LOC105328384	20200521
105328389	105334126	LOC105328389	20240702
105328394	105339045	LOC105328394	20200521
105328397	105340252	LOC105328397	20200521
105328398	105340252	LOC105328398	20200521
105328415	105329979	LOC105328415	20200521
105328419	105317855	LOC105328419	20200521
105328426	105328427	LOC105328426	20170203
105328432	105321414	LOC105328432	20200521
105328439	105319342	LOC105328439	20200521
105328440	105334027	LOC105328440	20170203
105328441	105334027	LOC105328441	20200521
105328445	105329193	LOC105328445	20200521
105328449	105332837	LOC105328449	20200521
105328450	117687479	LOC105328450	20240702
105328455	117681367	LOC105328455	20240702
105328468	105319920	LOC105328468	20200521
105328497	105328498	LOC105328497	20170203
105328507	105328509	LOC105328507	20200521
105328510	117686199	LOC105328510	20240702
105328529	105336997	LOC105328529	20240702
105328540	105328541	LOC105328540	20200521
105328552	109620479	LOC105328552	20200521
105328558	105328556	LOC105328558	20200521
105328561	105339968	LOC105328561	20200521
105328570	105328543	LOC105328570	20200521
105328571	105327771	LOC105328571	20200521
105328581	105329182	LOC105328581	20200521
105328587	105328606	LOC105328587	20200521
105328602	105346607	LOC105328602	20200521
105328604	105341325	LOC105328604	20200521
105328605	105331061	LOC105328605	20200521
105328609	105342326	LOC105328609	20200521
105328618	105326851	LOC105328618	20200521
105328622	117685280	LOC105328622	20240704
105328625	105331800	LOC105328625	20200521
105328643	109618795	LOC105328643	20200521
105328687	105342900	LOC105328687	20200521
105328692	105328666	LOC105328692	20170203
105328694	105328667	LOC105328694	20170203
105328695	117692957	LOC105328695	20240702
105328703	105327689	LOC105328703	20200521
105328712	105334543	LOC105328712	20240702
105328714	105329841	LOC105328714	20200521
105328716	105326252	LOC105328716	20200521
105328722	105328702	LOC105328722	20200521
105328723	105328706	LOC105328723	20200521
105328737	105321212	LOC105328737	20200521
105328740	109619976	LOC105328740	20200521
105328748	105321203	LOC105328748	20200521
105328749	105321203	LOC105328749	20200521
105328751	105333013	LOC105328751	20200521
105328758	105339307	LOC105328758	20200521
105328762	117690132	LOC105328762	20240704
105328765	117684964	LOC105328765	20240702
105328766	105328820	LOC105328766	20200521
105328767	109621151	LOC105328767	20200521
105328769	117685067	LOC105328769	20240704
105328770	105336185	LOC105328770	20200521
105328778	105340720	LOC105328778	20240702
105328798	105329088	LOC105328798	20170203
105328809	105334667	LOC105328809	20200521
105328810	105328808	LOC105328810	20200521
105328811	105339794	LOC105328811	20200521
105328819	105328417	LOC105328819	20200521
105328830	105328829	LOC105328830	20170203
105328832	117690035	LOC105328832	20240702
105328833	117690567	LOC105328833	20240702
105328834	105326570	LOC105328834	20240704
105328835	105337130	LOC105328835	20200521
105328836	105328815	LOC105328836	20200521
105328840	105325684	LOC105328840	20200521
105328841	105325684	LOC105328841	20200521
105328843	105328831	LOC105328843	20200521
105328849	105328850	LOC105328849	20240702
105328855	105328856	LOC105328855	20200521
105328864	105327066	LOC105328864	20200521
105328865	117685956	LOC105328865	20240702
105328874	105327021	LOC105328874	20200521
105328877	109618828	LOC105328877	20200521
105328882	105332837	LOC105328882	20240702
105328888	105327715	LOC105328888	20200521
105328933	105328886	LOC105328933	20240702
105328936	105347565	LOC105328936	20200521
105328941	109618896	LOC105328941	20200521
105328945	105338849	LOC105328945	20200521
105328953	105324832	LOC105328953	20200521
105328959	105328960	LOC105328959	20170203
105328961	105328956	LOC105328961	20170203
105328963	117684409	LOC105328963	20240702
105328981	105332899	LOC105328981	20200521
105328984	105328972	LOC105328984	20200521
105328987	117680440	LOC105328987	20240702
105328994	109618055	LOC105328994	20200521
105329026	105329002	LOC105329026	20200521
105329032	117681121	LOC105329032	20240702
105329033	117681221	LOC105329033	20240702
105329043	105328772	LOC105329043	20200521
105329052	105330003	LOC105329052	20200521
105329056	105334455	LOC105329056	20200521
105329059	105334453	LOC105329059	20200521
105329069	105329071	LOC105329069	20240704
105329070	105328275	LOC105329070	20200521
105329075	105325361	LOC105329075	20200521
105329082	109618846	LOC105329082	20200521
105329091	105329094	LOC105329091	20200521
105329099	105329100	LOC105329099	20170203
105329101	117690275	LOC105329101	20240702
105329116	105333483	LOC105329116	20200521
105329117	105328106	LOC105329117	20200521
105329126	105330309	LOC105329126	20200521
105329129	105321237	LOC105329129	20200521
105329164	105329135	LOC105329164	20240702
105329167	105329614	LOC105329167	20200521
105329172	105342884	LOC105329172	20170203
105329173	105342884	LOC105329173	20240702
105329176	105319485	LOC105329176	20200521
105329179	105322084	LOC105329179	20200521
105329190	105329191	LOC105329190	20170203
105329194	105329196	LOC105329194	20200521
105329203	105335285	LOC105329203	20200521
105329208	117686880	LOC105329208	20240702
105329212	105338275	LOC105329212	20200521
105329213	105331558	LOC105329213	20200521
105329228	105329227	LOC105329228	20240702
105329229	105339865	LOC105329229	20200521
105329236	105329232	LOC105329236	20240702
105329239	105323899	LOC105329239	20240702
105329242	105320157	LOC105329242	20200521
105329250	105344014	LOC105329250	20200521
105329254	105318411	LOC105329254	20200521
105329268	105329849	LOC105329268	20170203
105329269	105346616	LOC105329269	20200521
105329278	105320062	LOC105329278	20200521
105329290	105329343	LOC105329290	20200521
105329300	105329309	LOC105329300	20170203
105329302	105329309	LOC105329302	20170203
105329307	105317104	LOC105329307	20200521
105329308	117682681	LOC105329308	20240702
105329315	109617876	LOC105329315	20240702
105329323	117691560	LOC105329323	20240702
105329331	105324474	LOC105329331	20200521
105329335	105329849	LOC105329335	20170203
105329339	105329336	LOC105329339	20240702
105329349	105318373	LOC105329349	20200521
105329358	105333958	LOC105329358	20200521
105329367	117681041	LOC105329367	20240702
105329393	105329392	LOC105329393	20200521
105329394	105329392	LOC105329394	20200521
105329396	105329412	LOC105329396	20200521
105329417	117680406	LOC105329417	20240702
105329425	105329424	LOC105329425	20200521
105329430	105326630	LOC105329430	20200521
105329432	105323463	LOC105329432	20200521
105329441	105325321	LOC105329441	20200521
105329442	105344405	LOC105329442	20200521
105329445	105345998	LOC105329445	20200521
105329450	117684622	LOC105329450	20240702
105329467	105323170	LOC105329467	20200521
105329469	105322443	LOC105329469	20200521
105329487	105334020	LOC105329487	20240702
105329505	109620923	LOC105329505	20240702
105329509	105332312	LOC105329509	20200521
105329512	105317345	LOC105329512	20200521
105329520	105329521	LOC105329520	20170203
105329523	105344326	LOC105329523	20200521
105329530	105329531	LOC105329530	20200521
105329539	117681380	LOC105329539	20240702
105329547	105322290	LOC105329547	20200521
105329551	105345062	LOC105329551	20200521
105329557	105336719	LOC105329557	20200521
105329558	105349194	LOC105329558	20200521
105329560	117683205	LOC105329560	20240702
105329564	105323883	LOC105329564	20200521
105329566	105323898	LOC105329566	20240702
105329570	105323898	LOC105329570	20200521
105329572	105334833	LOC105329572	20240702
105329573	105348579	LOC105329573	20200521
105329579	105329742	LOC105329579	20200521
105329584	105321735	LOC105329584	20200521
105329596	117689002	LOC105329596	20240702
105329601	109618139	LOC105329601	20200521
105329633	105327817	LOC105329633	20200521
105329635	105329634	LOC105329635	20200521
105329642	105348977	LOC105329642	20200521
105329646	105329644	LOC105329646	20170203
105329657	105329713	LOC105329657	20200521
105329665	117684754	LOC105329665	20240702
105329679	105335554	LOC105329679	20200521
105329684	117687426	LOC105329684	20240702
105329686	117687428	LOC105329686	20240702
105329690	117687431	LOC105329690	20240702
105329691	117687432	LOC105329691	20240702
105329695	117680417	LOC105329695	20240702
105329696	117687433	LOC105329696	20240702
105329704	105329692	LOC105329704	20200521
105329706	105329724	LOC105329706	20170203
105329721	105347104	LOC105329721	20200521
105329723	105329703	LOC105329723	20200521
105329727	105345013	LOC105329727	20200521
105329734	105329754	LOC105329734	20200521
105329737	105333009	LOC105329737	20200521
105329744	105342646	LOC105329744	20200521
105329745	105348010	LOC105329745	20200521
105329750	105323423	LOC105329750	20200521
105329751	117690822	LOC105329751	20240704
105329784	105328182	LOC105329784	20200521
105329787	105329752	LOC105329787	20200521
105329794	117681793	LOC105329794	20240702
105329801	105321284	LOC105329801	20200521
105329811	105329812	LOC105329811	20170203
105329820	105340261	LOC105329820	20200521
105329823	105319701	LOC105329823	20200521
105329832	105340586	LOC105329832	20240702
105329834	105329833	LOC105329834	20170203
105329840	105324234	LOC105329840	20200521
105329845	105329890	LOC105329845	20200521
105329860	105329861	LOC105329860	20200521
105329875	105344738	LOC105329875	20200521
105329876	105344747	LOC105329876	20200521
105329878	105322349	LOC105329878	20200521
105329883	105322005	LOC105329883	20200521
105329885	105342593	LOC105329885	20200521
105329887	105326697	LOC105329887	20200521
105329889	105336693	LOC105329889	20200521
105329893	105324119	LOC105329893	20200521
105329899	105329991	LOC105329899	20170203
105329900	105333209	LOC105329900	20240702
105329905	105330416	LOC105329905	20200521
105329906	105345470	LOC105329906	20200521
105329915	105330605	LOC105329915	20200521
105329917	105325039	LOC105329917	20240702
105329924	117681475	LOC105329924	20240702
105329940	105342193	LOC105329940	20200521
105329943	105327790	LOC105329943	20200521
105329946	105329945	LOC105329946	20200521
105329956	105337177	LOC105329956	20240702
105329959	105329960	LOC105329959	20200521
105329964	105339000	LOC105329964	20200521
105329965	105328023	LOC105329965	20200521
105329966	105348700	LOC105329966	20200521
105329968	117688601	LOC105329968	20240702
105329977	105344775	LOC105329977	20200521
105329984	105329983	LOC105329984	20200521
105329995	105330010	LOC105329995	20170203
105330009	105330008	LOC105330009	20200521
105330014	105338310	LOC105330014	20200521
105330053	105330065	LOC105330053	20200521
105330057	105342815	LOC105330057	20200521
105330067	105321082	LOC105330067	20200521
105330068	105348851	LOC105330068	20200521
105330078	117680587	LOC105330078	20240704
105330079	105345449	LOC105330079	20240702
105330080	105317695	LOC105330080	20240704
105330081	105330086	LOC105330081	20170203
105330083	105337633	LOC105330083	20240702
105330087	105328856	LOC105330087	20200521
105330099	105330098	LOC105330099	20240702
105330101	105337766	LOC105330101	20200521
105330106	105331537	LOC105330106	20200521
105330110	117685081	LOC105330110	20240702
105330112	105337192	LOC105330112	20200521
105330114	105330117	LOC105330114	20200521
105330122	105319457	LOC105330122	20200521
105330123	105338511	LOC105330123	20240702
105330150	105346269	LOC105330150	20200521
105330159	105330141	LOC105330159	20200521
105330165	109618485	LOC105330165	20240702
105330166	109618485	LOC105330166	20200521
105330167	109618485	LOC105330167	20200521
105330168	109618485	LOC105330168	20240702
105330173	117680465	LOC105330173	20240702
105330209	105328110	LOC105330209	20200521
105330218	105330219	LOC105330218	20200521
105330229	105330248	LOC105330229	20170203
105330235	117681312	LOC105330235	20240702
105330243	105330245	LOC105330243	20200521
105330244	105330245	LOC105330244	20200521
105330269	105330201	LOC105330269	20170203
105330274	117689667	LOC105330274	20240702
105330280	105347600	LOC105330280	20200521
105330290	105330289	LOC105330290	20200521
105330297	105344574	LOC105330297	20200521
105330306	105344575	LOC105330306	20200521
105330310	117682434	LOC105330310	20240702
105330323	105331091	LOC105330323	20200521
105330340	105348254	LOC105330340	20200521
105330344	105330343	LOC105330344	20240702
105330345	105348993	LOC105330345	20200521
105330346	105339370	LOC105330346	20200521
105330380	105321737	LOC105330380	20200521
105330384	105325299	LOC105330384	20200521
105330385	105336671	LOC105330385	20200521
105330387	117682653	LOC105330387	20240702
105330388	105348258	LOC105330388	20200521
105330389	105317263	LOC105330389	20200521
105330391	105317263	LOC105330391	20200521
105330393	105330394	LOC105330393	20170203
105330412	117688714	LOC105330412	20240702
105330433	105331011	LOC105330433	20200521
105330436	105330437	LOC105330436	20170203
105330439	105330440	LOC105330439	20200521
105330441	105343948	LOC105330441	20200521
105330443	105336420	LOC105330443	20200521
105330450	105330449	LOC105330450	20200521
105330453	105335915	LOC105330453	20200521
105330454	105335898	LOC105330454	20200521
105330464	105330466	LOC105330464	20240702
105330467	105322976	LOC105330467	20200521
105330473	105336169	LOC105330473	20200521
105330486	117688649	LOC105330486	20240702
105330501	105330502	LOC105330501	20170203
105330519	105327806	LOC105330519	20200521
105330528	105327807	LOC105330528	20200521
105330530	105330531	LOC105330530	20170203
105330538	105327807	LOC105330538	20200521
105330550	105330549	LOC105330550	20170203
105330557	105329443	LOC105330557	20200521
105330560	105335826	LOC105330560	20240702
105330567	105329443	LOC105330567	20200521
105330568	105330583	LOC105330568	20170203
105330570	105330569	LOC105330570	20200521
105330587	105330635	LOC105330587	20200521
105330598	117689782	LOC105330598	20240702
105330601	105330637	LOC105330601	20170203
105330602	105344139	LOC105330602	20200521
105330611	105330542	LOC105330611	20170203
105330617	105330618	LOC105330617	20170203
105330623	105330641	LOC105330623	20170203
105330646	105330645	LOC105330646	20240702
105330654	105330660	LOC105330654	20170203
105330655	105324310	LOC105330655	20200521
105330663	105330666	LOC105330663	20200521
105330667	105347558	LOC105330667	20200521
105330668	105337427	LOC105330668	20240702
105330671	105345495	LOC105330671	20200521
105330683	105347297	LOC105330683	20200521
105330689	105342939	LOC105330689	20200521
105330691	105347298	LOC105330691	20200521
105330708	105330701	LOC105330708	20170203
105330711	105323139	LOC105330711	20200521
105330713	105323903	LOC105330713	20200521
105330725	105330720	LOC105330725	20200521
105330726	105320949	LOC105330726	20200521
105330735	105336038	LOC105330735	20240704
105330737	117686195	LOC105330737	20240702
105330738	117680381	LOC105330738	20240702
105330747	105330730	LOC105330747	20200521
105330751	117692394	LOC105330751	20240704
105330754	105321930	LOC105330754	20240702
105330770	117690766	LOC105330770	20240702
105330775	105345560	LOC105330775	20200521
105330776	105330783	LOC105330776	20200521
105330778	105317735	LOC105330778	20240704
105330780	117681304	LOC105330780	20240702
105330785	105329343	LOC105330785	20200521
105330786	105319337	LOC105330786	20200521
105330788	117680495	LOC105330788	20240702
105330797	109619055	LOC105330797	20200521
105330799	105326195	LOC105330799	20200521
105330800	105326193	LOC105330800	20200521
105330812	109617221	LOC105330812	20200521
105330822	117692332	LOC105330822	20240702
105330828	105330837	LOC105330828	20240702
105330834	105333070	LOC105330834	20200521
105330848	105348215	LOC105330848	20200521
105330849	109620608	LOC105330849	20200521
105330867	117687950	LOC105330867	20240702
105330871	117690183	LOC105330871	20240702
105330882	105341694	LOC105330882	20200521
105330892	105325610	LOC105330892	20200521
105330897	117680642	LOC105330897	20240704
105330903	105328386	LOC105330903	20200521
105330928	105330922	LOC105330928	20200521
105330938	105330937	LOC105330938	20240702
105330941	105330946	LOC105330941	20200521
105330943	105327719	LOC105330943	20200521
105330945	105330940	LOC105330945	20200521
105330949	105330975	LOC105330949	20240702
105330971	109618319	LOC105330971	20200521
105330972	105324934	LOC105330972	20240702
105330977	105331020	LOC105330977	20200521
105330986	109617532	LOC105330986	20200521
105330990	105330984	LOC105330990	20200521
105330991	105336556	LOC105330991	20200521
105330994	105330984	LOC105330994	20200521
105331001	105323610	LOC105331001	20200521
105331002	105331041	LOC105331002	20170203
105331004	105331047	LOC105331004	20170203
105331005	117692888	LOC105331005	20240702
105331007	109617923	LOC105331007	20200521
105331008	117688045	LOC105331008	20170203
105331009	117688045	LOC105331009	20240702
105331014	105331013	LOC105331014	20200521
105331034	105331052	LOC105331034	20200521
105331038	105331210	LOC105331038	20200521
105331040	105343726	LOC105331040	20200521
105331053	109619097	LOC105331053	20200521
105331054	105326130	LOC105331054	20200521
105331063	105328584	LOC105331063	20200521
105331069	105329357	LOC105331069	20200521
105331072	105334130	LOC105331072	20200521
105331076	105318381	LOC105331076	20200521
105331081	117690558	LOC105331081	20240702
105331083	117690545	LOC105331083	20240702
105331100	105337581	LOC105331100	20200521
105331101	105319366	LOC105331101	20200521
105331103	105331102	LOC105331103	20200521
105331112	105331111	LOC105331112	20200521
105331116	105331094	LOC105331116	20170203
105331117	105320087	LOC105331117	20200521
105331139	117691405	LOC105331139	20240702
105331155	105331154	LOC105331155	20240702
105331165	105331158	LOC105331165	20170203
105331166	105320668	LOC105331166	20200521
105331169	105331146	LOC105331169	20200521
105331172	105320514	LOC105331172	20200521
105331178	105331180	LOC105331178	20170203
105331181	105321295	LOC105331181	20200521
105331204	117686878	LOC105331204	20240702
105331214	105326995	LOC105331214	20200521
105331226	105345737	LOC105331226	20200521
105331231	105331227	LOC105331231	20200521
105331232	117682250	LOC105331232	20240704
105331233	105331245	LOC105331233	20200521
105331242	105331248	LOC105331242	20170203
105331249	105322476	LOC105331249	20200521
105331250	105340669	LOC105331250	20200521
105331251	105333880	LOC105331251	20200521
105331261	105347464	LOC105331261	20200521
105331262	105342774	LOC105331262	20200521
105331267	105331275	LOC105331267	20200521
105331302	105326696	LOC105331302	20200521
105331308	105321984	LOC105331308	20200521
105331315	105331276	LOC105331315	20200521
105331316	105331317	LOC105331316	20200521
105331331	105320769	LOC105331331	20200521
105331352	117690699	LOC105331352	20240702
105331373	105331348	LOC105331373	20200521
105331375	105320544	LOC105331375	20200521
105331376	105331341	LOC105331376	20170203
105331379	117688843	LOC105331379	20240702
105331384	105337630	LOC105331384	20200521
105331390	105329232	LOC105331390	20240702
105331396	105329265	LOC105331396	20200521
105331413	105323899	LOC105331413	20240702
105331415	105331420	LOC105331415	20200521
105331418	117688102	LOC105331418	20240702
105331419	105331417	LOC105331419	20200521
105331422	105331421	LOC105331422	20170203
105331431	105332272	LOC105331431	20240702
105331435	105328178	LOC105331435	20240702
105331457	105331458	LOC105331457	20200521
105331462	105331463	LOC105331462	20200521
105331464	117691857	LOC105331464	20240704
105331465	105324479	LOC105331465	20200521
105331466	117691872	LOC105331466	20240702
105331474	105345569	LOC105331474	20200521
105331475	105335769	LOC105331475	20200521
105331479	105331478	LOC105331479	20200521
105331490	117691615	LOC105331490	20240704
105331502	105331501	LOC105331502	20240702
105331517	105331518	LOC105331517	20200521
105331527	105331529	LOC105331527	20200521
105331548	105341914	LOC105331548	20200521
105331554	105336745	LOC105331554	20200521
105331563	105346137	LOC105331563	20200521
105331570	109619152	LOC105331570	20240702
105331578	109619834	LOC105331578	20200521
105331585	105320967	LOC105331585	20200521
105331587	105343591	LOC105331587	20200521
105331596	105346622	LOC105331596	20240702
105331607	105331608	LOC105331607	20170203
105331609	105337045	LOC105331609	20200521
105331610	105337045	LOC105331610	20200521
105331611	105337045	LOC105331611	20200521
105331614	105319714	LOC105331614	20200521
105331617	105333609	LOC105331617	20200521
105331627	105343844	LOC105331627	20240702
105331641	105331640	LOC105331641	20200521
105331642	105320993	LOC105331642	20200521
105331649	117681827	LOC105331649	20240702
105331650	105323414	LOC105331650	20200521
105331669	105331670	LOC105331669	20200521
105331679	117691598	LOC105331679	20240702
105331693	105318158	LOC105331693	20200521
105331695	105319253	LOC105331695	20200521
105331700	105343919	LOC105331700	20200521
105331701	105331733	LOC105331701	20170203
105331702	105334552	LOC105331702	20200521
105331735	105340534	LOC105331735	20200521
105331745	105331746	LOC105331745	20200521
105331748	117683139	LOC105331748	20240702
105331750	105331749	LOC105331750	20200521
105331751	105342210	LOC105331751	20200521
105331752	105330701	LOC105331752	20200521
105331754	105331743	LOC105331754	20200521
105331757	117687198	LOC105331757	20240702
105331759	105336016	LOC105331759	20200521
105331765	105335390	LOC105331765	20200521
105331775	105338503	LOC105331775	20200521
105331776	105317554	LOC105331776	20240704
105331777	105340159	LOC105331777	20200521
105331788	105341451	LOC105331788	20200521
105331791	117683317	LOC105331791	20240702
105331793	117683316	LOC105331793	20240702
105331795	105326562	LOC105331795	20200521
105331797	105326555	LOC105331797	20200521
105331802	105344498	LOC105331802	20200521
105331806	105322023	LOC105331806	20200521
105331814	109620744	LOC105331814	20240702
105331832	105340133	LOC105331832	20200521
105331833	105331852	LOC105331833	20200521
105331850	105331830	LOC105331850	20200521
105331855	105331840	LOC105331855	20170203
105331856	105337133	LOC105331856	20240702
105331861	105331871	LOC105331861	20170203
105331870	105331858	LOC105331870	20170203
105331874	109619202	LOC105331874	20200521
105331876	105320306	LOC105331876	20200521
105331881	117687615	LOC105331881	20240702
105331884	105323058	LOC105331884	20200521
105331885	105336661	LOC105331885	20200521
105331886	117685475	LOC105331886	20240702
105331893	105324138	LOC105331893	20200521
105331898	105344747	LOC105331898	20200521
105331899	105344747	LOC105331899	20200521
105331905	105323644	LOC105331905	20170203
105331907	105323644	LOC105331907	20200521
105331913	105331912	LOC105331913	20200521
105331914	105340678	LOC105331914	20200521
105331915	105340678	LOC105331915	20200521
105331931	105349006	LOC105331931	20200521
105331962	105331963	LOC105331962	20200521
105331966	105331984	LOC105331966	20200521
105331974	117683477	LOC105331974	20240702
105331980	105325080	LOC105331980	20200521
105331985	105347104	LOC105331985	20200521
105331986	117684894	LOC105331986	20240702
105331991	105330036	LOC105331991	20200521
105332008	105336797	LOC105332008	20200521
105332012	105328158	LOC105332012	20240702
105332041	105332043	LOC105332041	20200521
105332047	105319523	LOC105332047	20200521
105332053	105332067	LOC105332053	20170203
105332057	105330995	LOC105332057	20200521
105332061	105323556	LOC105332061	20200521
105332066	105319523	LOC105332066	20200521
105332068	105324935	LOC105332068	20240702
105332069	105339605	LOC105332069	20200521
105332073	105338228	LOC105332073	20240702
105332096	105347266	LOC105332096	20200521
105332097	105332101	LOC105332097	20200521
105332102	105339726	LOC105332102	20240702
105332104	105339726	LOC105332104	20200521
105332106	105337188	LOC105332106	20200521
105332107	105332092	LOC105332107	20200521
105332108	105339726	LOC105332108	20200521
105332110	105339726	LOC105332110	20200521
105332111	105332151	LOC105332111	20170203
105332112	105332151	LOC105332112	20200521
105332141	105332153	LOC105332141	20240702
105332156	105327600	LOC105332156	20200521
105332165	105324565	LOC105332165	20200521
105332172	105338241	LOC105332172	20200521
105332173	117693025	LOC105332173	20240702
105332178	105344698	LOC105332178	20200521
105332179	105319642	LOC105332179	20170203
105332205	117682512	LOC105332205	20240702
105332207	117684672	LOC105332207	20170203
105332208	117684672	LOC105332208	20170203
105332209	117684672	LOC105332209	20240702
105332214	117687635	LOC105332214	20240702
105332226	105319642	LOC105332226	20200521
105332248	105334460	LOC105332248	20200521
105332255	105332267	LOC105332255	20200521
105332284	105327574	LOC105332284	20240702
105332285	105348525	LOC105332285	20200521
105332305	105332291	LOC105332305	20200521
105332306	109618872	LOC105332306	20240702
105332316	105329548	LOC105332316	20200521
105332328	105324669	LOC105332328	20200521
105332332	117686275	LOC105332332	20240702
105332341	105332276	LOC105332341	20200521
105332343	105331349	LOC105332343	20200521
105332356	105330303	LOC105332356	20200521
105332363	105332362	LOC105332363	20170203
105332365	105334759	LOC105332365	20200521
105332403	105332347	LOC105332403	20170203
105332412	105332361	LOC105332412	20200521
105332421	105332420	LOC105332421	20200521
105332428	105333210	LOC105332428	20200521
105332432	105332431	LOC105332432	20170203
105332439	105321188	LOC105332439	20200521
105332448	105348477	LOC105332448	20200521
105332451	105344322	LOC105332451	20240704
105332459	105332460	LOC105332459	20200521
105332478	105342128	LOC105332478	20200521
105332485	105347204	LOC105332485	20240702
105332489	109619273	LOC105332489	20240702
105332505	105346467	LOC105332505	20200521
105332510	105333281	LOC105332510	20240702
105332511	105332518	LOC105332511	20170203
105332512	105333281	LOC105332512	20200521
105332514	117687030	LOC105332514	20240704
105332515	105317695	LOC105332515	20200521
105332531	105347620	LOC105332531	20200521
105332532	105332545	LOC105332532	20200521
105332534	105326409	LOC105332534	20240702
105332544	117684874	LOC105332544	20240702
105332553	105323897	LOC105332553	20200521
105332555	117687971	LOC105332555	20240702
105332561	105319575	LOC105332561	20200521
105332563	105332565	LOC105332563	20240702
105332573	105348455	LOC105332573	20200521
105332588	105327013	LOC105332588	20200521
105332590	105334268	LOC105332590	20200521
105332594	105324307	LOC105332594	20200521
105332596	105337109	LOC105332596	20200521
105332617	117683070	LOC105332617	20240702
105332619	105347621	LOC105332619	20200521
105332621	105319575	LOC105332621	20200521
105332625	105327630	LOC105332625	20200521
105332642	105328759	LOC105332642	20200521
105332644	117684964	LOC105332644	20240702
105332645	105335710	LOC105332645	20200521
105332647	105328212	LOC105332647	20200521
105332664	105321734	LOC105332664	20200521
105332666	105332667	LOC105332666	20200521
105332668	105332339	LOC105332668	20200521
105332669	105332676	LOC105332669	20200521
105332677	117689800	LOC105332677	20240702
105332678	117689798	LOC105332678	20240702
105332692	105323903	LOC105332692	20200521
105332693	105323903	LOC105332693	20200521
105332701	105347622	LOC105332701	20200521
105332702	105330295	LOC105332702	20200521
105332720	105317641	LOC105332720	20200521
105332728	105332729	LOC105332728	20240702
105332732	109621166	LOC105332732	20240704
105332738	105332739	LOC105332738	20170203
105332742	105334665	LOC105332742	20200521
105332750	105335286	LOC105332750	20200521
105332751	117683862	LOC105332751	20240704
105332753	105332754	LOC105332753	20240702
105332755	105339813	LOC105332755	20200521
105332777	105340468	LOC105332777	20240702
105332779	105340469	LOC105332779	20240702
105332797	105346124	LOC105332797	20240702
105332798	105347024	LOC105332798	20200521
105332799	105320120	LOC105332799	20200521
105332815	105318294	LOC105332815	20200521
105332819	105330105	LOC105332819	20200521
105332822	105332821	LOC105332822	20240702
105332826	105338723	LOC105332826	20240704
105332827	105346035	LOC105332827	20200521
105332832	105331505	LOC105332832	20200521
105332833	117687833	LOC105332833	20240704
105332834	117687813	LOC105332834	20240702
105332838	105332671	LOC105332838	20200521
105332840	105332671	LOC105332840	20200521
105332841	105332671	LOC105332841	20200521
105332848	105344530	LOC105332848	20200521
105332867	117686184	LOC105332867	20240702
105332873	105332872	LOC105332873	20170203
105332877	105337972	LOC105332877	20200521
105332887	105319638	LOC105332887	20200521
105332905	105332869	LOC105332905	20200521
105332912	105328238	LOC105332912	20200521
105332921	105335874	LOC105332921	20200521
105332927	105324010	LOC105332927	20200521
105332935	105337143	LOC105332935	20200521
105332936	105332950	LOC105332936	20170203
105332942	117692740	LOC105332942	20240702
105332948	105339722	LOC105332948	20200521
105332949	105339722	LOC105332949	20200521
105332951	105341050	LOC105332951	20200521
105332952	105332974	LOC105332952	20200521
105332953	105332975	LOC105332953	20200521
105332959	105334288	LOC105332959	20240702
105332965	105343051	LOC105332965	20200521
105332972	117688234	LOC105332972	20240702
105332978	105332962	LOC105332978	20200521
105332979	105335245	LOC105332979	20200521
105332985	105323880	LOC105332985	20200521
105332987	105332988	LOC105332987	20170203
105332990	105332993	LOC105332990	20200521
105332991	105328084	LOC105332991	20200521
105333003	105325715	LOC105333003	20200521
105333012	105344235	LOC105333012	20200521
105333035	105337653	LOC105333035	20200521
105333040	117684052	LOC105333040	20240702
105333041	105322442	LOC105333041	20200521
105333042	105324683	LOC105333042	20240704
105333043	117685709	LOC105333043	20240702
105333062	105328276	LOC105333062	20200521
105333066	105330488	LOC105333066	20200521
105333067	105328276	LOC105333067	20200521
105333071	105321802	LOC105333071	20200521
105333075	105323132	LOC105333075	20200521
105333089	109619649	LOC105333089	20200521
105333095	105341925	LOC105333095	20200521
105333096	105333097	LOC105333096	20170203
105333127	105333124	LOC105333127	20200521
105333132	105333147	LOC105333132	20170203
105333138	105347015	LOC105333138	20200521
105333145	105335631	LOC105333145	20200521
105333157	105337104	LOC105333157	20200521
105333158	105333204	LOC105333158	20240702
105333159	105333204	LOC105333159	20200521
105333175	117682607	LOC105333175	20240702
105333178	105321348	LOC105333178	20240702
105333179	105325416	LOC105333179	20200521
105333182	105322873	LOC105333182	20240702
105333201	105333152	LOC105333201	20200521
105333202	105333156	LOC105333202	20200521
105333203	105337104	LOC105333203	20200521
105333208	105322873	LOC105333208	20200521
105333218	105323395	LOC105333218	20200521
105333223	105333154	LOC105333223	20200521
105333227	117682386	LOC105333227	20240702
105333229	117682385	LOC105333229	20240702
105333233	117682388	LOC105333233	20240702
105333238	105344137	LOC105333238	20200521
105333241	105339144	LOC105333241	20200521
105333245	105327918	LOC105333245	20200521
105333251	105337279	LOC105333251	20200521
105333264	105333265	LOC105333264	20200521
105333273	105320979	LOC105333273	20200521
105333274	105343075	LOC105333274	20200521
105333275	105343074	LOC105333275	20200521
105333276	117688062	LOC105333276	20240702
105333284	105338875	LOC105333284	20200521
105333301	105336716	LOC105333301	20200521
105333302	105317126	LOC105333302	20200521
105333305	105348472	LOC105333305	20240702
105333316	105333990	LOC105333316	20200521
105333319	105324873	LOC105333319	20200521
105333320	105348811	LOC105333320	20200521
105333321	105331382	LOC105333321	20200521
105333324	105324671	LOC105333324	20200521
105333339	105333338	LOC105333339	20240704
105333353	117683909	LOC105333353	20240702
105333354	105333340	LOC105333354	20170203
105333360	117681322	LOC105333360	20240702
105333381	105348634	LOC105333381	20200521
105333385	105333386	LOC105333385	20200521
105333390	105327757	LOC105333390	20240702
105333391	117686094	LOC105333391	20240702
105333394	105333397	LOC105333394	20200521
105333395	117686095	LOC105333395	20240702
105333408	117692116	LOC105333408	20240702
105333411	105323641	LOC105333411	20240702
105333413	117692261	LOC105333413	20240702
105333418	105333417	LOC105333418	20200521
105333423	105342884	LOC105333423	20240702
105333426	105333425	LOC105333426	20200521
105333452	105333451	LOC105333452	20200521
105333464	105333466	LOC105333464	20200521
105333473	105323631	LOC105333473	20200521
105333478	105333497	LOC105333478	20200521
105333484	105319077	LOC105333484	20200521
105333486	105333403	LOC105333486	20200521
105333491	105342478	LOC105333491	20200521
105333496	105324494	LOC105333496	20200521
105333506	105333511	LOC105333506	20200521
105333522	105333348	LOC105333522	20200521
105333523	105333347	LOC105333523	20240702
105333525	117690997	LOC105333525	20240702
105333534	105336490	LOC105333534	20200521
105333544	105348961	LOC105333544	20200521
105333546	105332968	LOC105333546	20200521
105333559	105321647	LOC105333559	20200521
105333561	105340995	LOC105333561	20200521
105333563	117692625	LOC105333563	20240702
105333575	105329819	LOC105333575	20200521
105333586	105318947	LOC105333586	20200521
105333588	117690498	LOC105333588	20240704
105333611	105338755	LOC105333611	20240702
105333613	105349155	LOC105333613	20200521
105333620	105341956	LOC105333620	20200521
105333621	105342642	LOC105333621	20200521
105333639	105323977	LOC105333639	20200521
105333640	117681426	LOC105333640	20240704
105333643	105327813	LOC105333643	20200521
105333644	105344772	LOC105333644	20200521
105333648	117680343	LOC105333648	20240702
105333650	105320455	LOC105333650	20200521
105333653	105347554	LOC105333653	20200521
105333654	105321031	LOC105333654	20200521
105333656	105347685	LOC105333656	20200521
105333657	105333659	LOC105333657	20200521
105333684	105333685	LOC105333684	20200521
105333689	117685554	LOC105333689	20240702
105333690	105333716	LOC105333690	20200521
105333712	105329201	LOC105333712	20240702
105333737	117686143	LOC105333737	20240702
105333741	105344273	LOC105333741	20240702
105333745	105343501	LOC105333745	20200521
105333749	105345576	LOC105333749	20200521
105333751	105344207	LOC105333751	20200521
105333753	105333754	LOC105333753	20240702
105333762	105345576	LOC105333762	20170203
105333768	105319533	LOC105333768	20200521
105333778	105345576	LOC105333778	20200521
105333782	105340568	LOC105333782	20200521
105333789	105328608	LOC105333789	20240702
105333805	105323364	LOC105333805	20200521
105333813	105323364	LOC105333813	20200521
105333817	105336671	LOC105333817	20200521
105333827	105324909	LOC105333827	20200521
105333829	117692256	LOC105333829	20240702
105333831	105319280	LOC105333831	20200521
105333832	117692421	LOC105333832	20240702
105333835	105333836	LOC105333835	20240702
105333844	105337118	LOC105333844	20240702
105333850	105333849	LOC105333850	20170203
105333851	105333852	LOC105333851	20200521
105333855	105343873	LOC105333855	20200521
105333856	105325197	LOC105333856	20240702
105333857	105346374	LOC105333857	20200521
105333863	105333861	LOC105333863	20200521
105333869	105333868	LOC105333869	20240702
105333874	105333873	LOC105333874	20170203
105333881	105339927	LOC105333881	20200521
105333890	105333888	LOC105333890	20200521
105333895	117685067	LOC105333895	20240702
105333899	117681122	LOC105333899	20240702
105333903	117691707	LOC105333903	20240702
105333906	105331197	LOC105333906	20200521
105333907	105328536	LOC105333907	20200521
105333909	105341940	LOC105333909	20200521
105333910	105333901	LOC105333910	20200521
105333912	117685953	LOC105333912	20240702
105333913	105341940	LOC105333913	20200521
105333925	105322173	LOC105333925	20240704
105333933	105320510	LOC105333933	20200521
105333938	105328498	LOC105333938	20240702
105333942	105340861	LOC105333942	20240702
105333945	117681132	LOC105333945	20240704
105333948	105340865	LOC105333948	20200521
105333950	105326194	LOC105333950	20200521
105333963	105333969	LOC105333963	20240702
105333967	105347435	LOC105333967	20200521
105333968	105334844	LOC105333968	20200521
105333970	105333930	LOC105333970	20200521
105333982	105329598	LOC105333982	20200521
105333991	105320658	LOC105333991	20200521
105334002	105345576	LOC105334002	20200521
105334005	105333994	LOC105334005	20200521
105334010	105340335	LOC105334010	20200521
105334017	105322437	LOC105334017	20200521
105334022	105334020	LOC105334022	20200521
105334042	105334043	LOC105334042	20240702
105334055	117690985	LOC105334055	20240702
105334056	117690986	LOC105334056	20240702
105334059	117680451	LOC105334059	20240702
105334068	105319632	LOC105334068	20200521
105334082	105347399	LOC105334082	20200521
105334086	117680568	LOC105334086	20240702
105334089	105330334	LOC105334089	20200521
105334122	105341050	LOC105334122	20200521
105334123	105335006	LOC105334123	20200521
105334129	105317571	LOC105334129	20200521
105334132	105348343	LOC105334132	20200521
105334137	117692081	LOC105334137	20240704
105334148	105344299	LOC105334148	20200521
105334164	105337303	LOC105334164	20200521
105334168	105322139	LOC105334168	20200521
105334181	105323929	LOC105334181	20200521
105334188	105330734	LOC105334188	20200521
105334197	105327019	LOC105334197	20200521
105334204	117692161	LOC105334204	20240702
105334207	117692164	LOC105334207	20240702
105334209	117692169	LOC105334209	20240702
105334211	117683017	LOC105334211	20240702
105334212	117685368	LOC105334212	20240702
105334214	117685366	LOC105334214	20240702
105334219	105338899	LOC105334219	20200521
105334220	105337395	LOC105334220	20200521
105334224	117692162	LOC105334224	20240702
105334228	105325413	LOC105334228	20170203
105334229	105325413	LOC105334229	20200521
105334231	105325437	LOC105334231	20200521
105334233	105319815	LOC105334233	20200521
105334236	105342164	LOC105334236	20200521
105334245	109619033	LOC105334245	20200521
105334255	117684596	LOC105334255	20240702
105334266	105334268	LOC105334266	20170203
105334270	105334259	LOC105334270	20170203
105334272	105342127	LOC105334272	20200521
105334273	105342127	LOC105334273	20200521
105334274	105334275	LOC105334274	20240704
105334280	117680773	LOC105334280	20240702
105334282	105322451	LOC105334282	20240702
105334285	117683457	LOC105334285	20240702
105334286	117683457	LOC105334286	20170203
105334292	109619489	LOC105334292	20200521
105334307	117687108	LOC105334307	20240702
105334310	117686808	LOC105334310	20240702
105334312	105325269	LOC105334312	20200521
105334314	105336419	LOC105334314	20200521
105334321	105334268	LOC105334321	20200521
105334336	105326470	LOC105334336	20200521
105334337	105326470	LOC105334337	20200521
105334342	105325911	LOC105334342	20200521
105334352	105332310	LOC105334352	20200521
105334362	105333978	LOC105334362	20200521
105334366	105334358	LOC105334366	20200521
105334374	109617250	LOC105334374	20240704
105334377	105347390	LOC105334377	20200521
105334393	105323136	LOC105334393	20200521
105334398	105332823	LOC105334398	20200521
105334402	105319868	LOC105334402	20200521
105334407	105334358	LOC105334407	20170203
105334410	105330472	LOC105334410	20200521
105334419	105318918	LOC105334419	20200521
105334426	105334427	LOC105334426	20200521
105334430	117692998	LOC105334430	20240702
105334432	117692996	LOC105334432	20240702
105334435	105323934	LOC105334435	20200521
105334446	109619547	LOC105334446	20200521
105334452	105329202	LOC105334452	20200521
105334489	117683202	LOC105334489	20240702
105334491	105334499	LOC105334491	20170203
105334495	105340995	LOC105334495	20200521
105334502	105347204	LOC105334502	20200521
105334503	105338870	LOC105334503	20200521
105334504	105338871	LOC105334504	20200521
105334515	105331086	LOC105334515	20240702
105334516	105334517	LOC105334516	20170203
105334518	105334519	LOC105334518	20170203
105334521	105330189	LOC105334521	20200521
105334538	105330714	LOC105334538	20200521
105334545	105334544	LOC105334545	20240702
105334554	105331704	LOC105334554	20200521
105334559	105334560	LOC105334559	20200521
105334574	105334589	LOC105334574	20170203
105334583	105341532	LOC105334583	20200521
105334584	105327389	LOC105334584	20200521
105334591	105334600	LOC105334591	20200521
105334594	117686917	LOC105334594	20240702
105334595	109618616	LOC105334595	20200521
105334599	105334598	LOC105334599	20200521
105334603	105345162	LOC105334603	20200521
105334605	105317108	LOC105334605	20200521
105334608	105334609	LOC105334608	20200521
105334616	105335430	LOC105334616	20200521
105334619	105334624	LOC105334619	20170203
105334625	105331766	LOC105334625	20200521
105334626	105343615	LOC105334626	20200521
105334631	105334630	LOC105334631	20200521
105334633	117680374	LOC105334633	20240702
105334636	105329111	LOC105334636	20200521
105334637	105348857	LOC105334637	20200521
105334641	105334643	LOC105334641	20170203
105334653	105320193	LOC105334653	20240702
105334684	105334689	LOC105334684	20200521
105334688	105340600	LOC105334688	20200521
105334694	105340600	LOC105334694	20200521
105334698	105334699	LOC105334698	20170203
105334702	105334759	LOC105334702	20170203
105334725	105321732	LOC105334725	20200521
105334749	105335328	LOC105334749	20200521
105334756	105329630	LOC105334756	20200521
105334757	105334752	LOC105334757	20170203
105334806	105334789	LOC105334806	20200521
105334813	117691331	LOC105334813	20240702
105334817	105341825	LOC105334817	20240702
105334818	105341825	LOC105334818	20240702
105334841	105347643	LOC105334841	20240702
105334842	109619599	LOC105334842	20200521
105334845	105334848	LOC105334845	20200521
105334849	105345424	LOC105334849	20200521
105334855	105334852	LOC105334855	20200521
105334862	105340369	LOC105334862	20200521
105334877	105328094	LOC105334877	20200521
105334878	105340370	LOC105334878	20200521
105334879	117690770	LOC105334879	20240702
105334880	117686064	LOC105334880	20240702
105334897	105334888	LOC105334897	20170203
105334898	105322375	LOC105334898	20200521
105334901	105340255	LOC105334901	20200521
105334908	105336626	LOC105334908	20200521
105334912	105334919	LOC105334912	20200521
105334914	105334919	LOC105334914	20200521
105334917	105334915	LOC105334917	20170203
105334923	105334975	LOC105334923	20200521
105334933	105334934	LOC105334933	20200521
105334950	105326374	LOC105334950	20200521
105334960	117684709	LOC105334960	20240702
105334965	105320997	LOC105334965	20200521
105334968	117680522	LOC105334968	20240702
105334973	105335377	LOC105334973	20200521
105334976	117684487	LOC105334976	20240702
105334981	105334963	LOC105334981	20200521
105334985	105323968	LOC105334985	20200521
105335000	105334999	LOC105335000	20170203
105335002	105340878	LOC105335002	20240702
105335011	105337949	LOC105335011	20200521
105335015	105322796	LOC105335015	20200521
105335016	105319997	LOC105335016	20200521
105335017	105319997	LOC105335017	20200521
105335028	105345933	LOC105335028	20200521
105335037	105319868	LOC105335037	20200521
105335040	105319095	LOC105335040	20200521
105335042	105327082	LOC105335042	20200521
105335050	105319871	LOC105335050	20200521
105335055	105335054	LOC105335055	20170203
105335112	117685186	LOC105335112	20240702
105335114	105336038	LOC105335114	20240702
105335116	117693159	LOC105335116	20240702
105335118	105329193	LOC105335118	20200521
105335123	105346731	LOC105335123	20200521
105335128	105335089	LOC105335128	20200521
105335134	105335125	LOC105335134	20200521
105335136	105335135	LOC105335136	20200521
105335139	117681463	LOC105335139	20240702
105335142	105326698	LOC105335142	20200521
105335147	105335148	LOC105335147	20170203
105335171	105335170	LOC105335171	20200521
105335172	105331043	LOC105335172	20240702
105335182	105327130	LOC105335182	20200521
105335183	105327130	LOC105335183	20170203
105335190	105335191	LOC105335190	20200521
105335202	105330873	LOC105335202	20200521
105335205	105337733	LOC105335205	20200521
105335211	117692987	LOC105335211	20240702
105335214	105331327	LOC105335214	20200521
105335226	105335217	LOC105335226	20170203
105335238	117681420	LOC105335238	20240702
105335277	105323786	LOC105335277	20200521
105335287	105332910	LOC105335287	20200521
105335288	105338770	LOC105335288	20200521
105335291	105335290	LOC105335291	20200521
105335296	105335294	LOC105335296	20200521
105335300	105335297	LOC105335300	20170203
105335301	105345542	LOC105335301	20200521
105335303	105326319	LOC105335303	20200521
105335304	105325693	LOC105335304	20200521
105335306	105334225	LOC105335306	20200521
105335307	105342281	LOC105335307	20200521
105335308	105335254	LOC105335308	20170203
105335310	105324296	LOC105335310	20200521
105335318	105335299	LOC105335318	20170203
105335320	105335299	LOC105335320	20170203
105335337	105322288	LOC105335337	20200521
105335338	105322288	LOC105335338	20200521
105335344	117686572	LOC105335344	20170203
105335345	117686572	LOC105335345	20240702
105335348	105322289	LOC105335348	20200521
105335354	117680569	LOC105335354	20240702
105335355	117680569	LOC105335355	20240704
105335359	105335357	LOC105335359	20200521
105335363	105325152	LOC105335363	20200521
105335364	105321764	LOC105335364	20240702
105335365	117692866	LOC105335365	20240702
105335375	105317291	LOC105335375	20200521
105335378	105327913	LOC105335378	20240702
105335383	105323106	LOC105335383	20200521
105335384	105342236	LOC105335384	20200521
105335391	105322008	LOC105335391	20200521
105335393	105345671	LOC105335393	20200521
105335395	105348540	LOC105335395	20200521
105335397	109618706	LOC105335397	20200521
105335401	105326614	LOC105335401	20200521
105335403	105337045	LOC105335403	20240702
105335404	105332273	LOC105335404	20200521
105335406	117686824	LOC105335406	20240702
105335408	105326274	LOC105335408	20200521
105335413	117688026	LOC105335413	20240704
105335416	117681111	LOC105335416	20240702
105335435	105317326	LOC105335435	20200521
105335448	105335447	LOC105335448	20170203
105335451	105343303	LOC105335451	20200521
105335453	105317971	LOC105335453	20200521
105335455	117686522	LOC105335455	20240702
105335456	105335447	LOC105335456	20200521
105335457	105335458	LOC105335457	20200521
105335462	105335461	LOC105335462	20170203
105335472	105318098	LOC105335472	20200521
105335478	105335477	LOC105335478	20240702
105335518	105340249	LOC105335518	20200521
105335520	105335519	LOC105335520	20240702
105335521	105338480	LOC105335521	20200521
105335525	105335563	LOC105335525	20200521
105335541	105335542	LOC105335541	20200521
105335546	105335545	LOC105335546	20200521
105335555	105324167	LOC105335555	20200521
105335556	105324167	LOC105335556	20200521
105335561	105340249	LOC105335561	20200521
105335562	105337421	LOC105335562	20200521
105335568	105347871	LOC105335568	20200521
105335569	105326233	LOC105335569	20240704
105335583	105335584	LOC105335583	20170203
105335587	105335588	LOC105335587	20170203
105335604	105331773	LOC105335604	20200521
105335610	105345709	LOC105335610	20200521
105335629	105335578	LOC105335629	20200521
105335634	105340715	LOC105335634	20200521
105335635	117682898	LOC105335635	20240702
105335650	105335639	LOC105335650	20170203
105335653	105347302	LOC105335653	20200521
105335662	105343040	LOC105335662	20200521
105335667	105334573	LOC105335667	20200521
105335668	105334572	LOC105335668	20200521
105335676	105334138	LOC105335676	20200521
105335678	105335677	LOC105335678	20170203
105335690	105335700	LOC105335690	20200521
105335697	105318407	LOC105335697	20200521
105335699	105323159	LOC105335699	20200521
105335701	105323159	LOC105335701	20200521
105335717	105324073	LOC105335717	20200521
105335726	105335714	LOC105335726	20200521
105335742	105339552	LOC105335742	20200521
105335750	105322468	LOC105335750	20240704
105335751	105342208	LOC105335751	20200521
105335772	105327342	LOC105335772	20200521
105335773	105328158	LOC105335773	20200521
105335776	105323555	LOC105335776	20200521
105335793	105349178	LOC105335793	20200521
105335794	105349178	LOC105335794	20200521
105335809	117687060	LOC105335809	20240704
105335812	105335826	LOC105335812	20200521
105335815	105332217	LOC105335815	20200521
105335816	105332228	LOC105335816	20200521
105335818	105320175	LOC105335818	20240704
105335823	105345721	LOC105335823	20240704
105335825	117685820	LOC105335825	20240702
105335830	117688064	LOC105335830	20240702
105335831	109619365	LOC105335831	20240702
105335832	105335833	LOC105335832	20170203
105335834	105321354	LOC105335834	20200521
105335850	105331690	LOC105335850	20200521
105335851	105330191	LOC105335851	20200521
105335856	105335258	LOC105335856	20200521
105335869	105324213	LOC105335869	20200521
105335870	105335871	LOC105335870	20200521
105335877	105335686	LOC105335877	20200521
105335886	105327380	LOC105335886	20200521
105335890	117682548	LOC105335890	20240702
105335892	117682548	LOC105335892	20240702
105335894	105326318	LOC105335894	20200521
105335895	105346997	LOC105335895	20200521
105335911	117689981	LOC105335911	20240702
105335912	105336594	LOC105335912	20240704
105335913	105335931	LOC105335913	20200521
105335921	109620959	LOC105335921	20200521
105335922	109620959	LOC105335922	20200521
105335930	105338130	LOC105335930	20200521
105335932	105335914	LOC105335932	20170203
105335933	105330174	LOC105335933	20200521
105335937	117685093	LOC105335937	20170203
105335938	117685093	LOC105335938	20240702
105335945	105345043	LOC105335945	20200521
105335947	105340608	LOC105335947	20200521
105335976	105335969	LOC105335976	20200521
105335986	105322943	LOC105335986	20240702
105335988	117685750	LOC105335988	20240702
105335992	105343427	LOC105335992	20200521
105336008	117691388	LOC105336008	20240702
105336010	105336018	LOC105336010	20170203
105336017	105336357	LOC105336017	20200521
105336046	105336047	LOC105336046	20170203
105336058	105336060	LOC105336058	20200521
105336059	105336061	LOC105336059	20200521
105336076	109618006	LOC105336076	20200521
105336077	105348066	LOC105336077	20200521
105336092	105336137	LOC105336092	20200521
105336125	105336025	LOC105336125	20200521
105336126	105336115	LOC105336126	20240702
105336127	105336025	LOC105336127	20200521
105336130	105318909	LOC105336130	20200521
105336131	105317885	LOC105336131	20200521
105336138	105320695	LOC105336138	20200521
105336143	105330343	LOC105336143	20240702
105336152	105325902	LOC105336152	20240702
105336153	105336154	LOC105336153	20200521
105336155	105336154	LOC105336155	20200521
105336156	105341917	LOC105336156	20200521
105336168	105336162	LOC105336168	20170203
105336179	105336166	LOC105336179	20200521
105336180	105336166	LOC105336180	20200521
105336181	105348192	LOC105336181	20200521
105336183	105317077	LOC105336183	20200521
105336184	105317077	LOC105336184	20200521
105336189	105319043	LOC105336189	20200521
105336193	117680435	LOC105336193	20240702
105336194	117680483	LOC105336194	20240702
105336197	105336196	LOC105336197	20170203
105336204	105326134	LOC105336204	20200521
105336209	105333994	LOC105336209	20200521
105336210	105333996	LOC105336210	20200521
105336216	105348881	LOC105336216	20200521
105336220	105333995	LOC105336220	20200521
105336223	105321927	LOC105336223	20240702
105336235	105336245	LOC105336235	20170203
105336241	105349011	LOC105336241	20170203
105336250	105349011	LOC105336250	20200521
105336259	105317603	LOC105336259	20200521
105336263	105336262	LOC105336263	20170203
105336271	105321551	LOC105336271	20240702
105336274	105336256	LOC105336274	20170203
105336277	105319219	LOC105336277	20200521
105336280	105346351	LOC105336280	20200521
105336284	105320447	LOC105336284	20200521
105336286	105340652	LOC105336286	20200521
105336291	105336706	LOC105336291	20200521
105336303	105334109	LOC105336303	20200521
105336306	105334720	LOC105336306	20200521
105336308	117683937	LOC105336308	20240702
105336311	105329685	LOC105336311	20200521
105336335	105324671	LOC105336335	20200521
105336342	105348258	LOC105336342	20200521
105336347	105326602	LOC105336347	20200521
105336369	105325130	LOC105336369	20200521
105336373	105327828	LOC105336373	20200521
105336375	105336166	LOC105336375	20200521
105336393	105335058	LOC105336393	20240704
105336398	105336412	LOC105336398	20200521
105336399	105336412	LOC105336399	20200521
105336402	105323545	LOC105336402	20200521
105336403	105336405	LOC105336403	20240702
105336407	105328823	LOC105336407	20200521
105336408	105321361	LOC105336408	20240702
105336413	105336414	LOC105336413	20200521
105336417	105320949	LOC105336417	20200521
105336418	105329357	LOC105336418	20240704
105336426	109617850	LOC105336426	20200521
105336428	117688642	LOC105336428	20240702
105336438	105343342	LOC105336438	20240704
105336440	105339155	LOC105336440	20200521
105336450	105331976	LOC105336450	20200521
105336451	105342412	LOC105336451	20200521
105336454	105347601	LOC105336454	20200521
105336456	117688770	LOC105336456	20240704
105336459	105340717	LOC105336459	20200521
105336460	105327500	LOC105336460	20200521
105336467	105331506	LOC105336467	20200521
105336474	105336475	LOC105336474	20170203
105336485	105327715	LOC105336485	20240704
105336491	105338723	LOC105336491	20240702
105336495	105319997	LOC105336495	20200521
105336497	105336496	LOC105336497	20170203
105336498	105322137	LOC105336498	20200521
105336502	105345709	LOC105336502	20200521
105336507	105323951	LOC105336507	20200521
105336514	105325278	LOC105336514	20200521
105336516	105318582	LOC105336516	20200521
105336524	105345752	LOC105336524	20200521
105336528	105345752	LOC105336528	20200521
105336540	105336534	LOC105336540	20240702
105336546	105340772	LOC105336546	20200521
105336548	105342894	LOC105336548	20200521
105336555	105329216	LOC105336555	20200521
105336562	105336561	LOC105336562	20170203
105336571	117691384	LOC105336571	20240704
105336576	105337599	LOC105336576	20200521
105336577	105345143	LOC105336577	20200521
105336579	105345142	LOC105336579	20200521
105336580	105345107	LOC105336580	20200521
105336581	105345108	LOC105336581	20200521
105336597	117682698	LOC105336597	20240702
105336599	105336594	LOC105336599	20200521
105336600	105336594	LOC105336600	20240702
105336607	117691431	LOC105336607	20240702
105336613	105324023	LOC105336613	20200521
105336628	105336609	LOC105336628	20170203
105336636	105318623	LOC105336636	20200521
105336637	105329261	LOC105336637	20200521
105336639	105327689	LOC105336639	20200521
105336646	105336644	LOC105336646	20170203
105336650	117684706	LOC105336650	20240702
105336659	105342811	LOC105336659	20200521
105336679	105336671	LOC105336679	20170203
105336687	117681412	LOC105336687	20240702
105336690	117681416	LOC105336690	20240702
105336691	117680431	LOC105336691	20240702
105336692	117681418	LOC105336692	20240702
105336699	105332973	LOC105336699	20200521
105336700	105347463	LOC105336700	20200521
105336707	109619796	LOC105336707	20200521
105336720	117685344	LOC105336720	20240702
105336722	109620490	LOC105336722	20200521
105336727	105347243	LOC105336727	20200521
105336730	105343399	LOC105336730	20200521
105336731	105338870	LOC105336731	20200521
105336734	105321200	LOC105336734	20200521
105336735	117681777	LOC105336735	20240704
105336737	105349194	LOC105336737	20240702
105336738	117685302	LOC105336738	20240702
105336740	105343062	LOC105336740	20200521
105336750	105336749	LOC105336750	20170203
105336756	117685728	LOC105336756	20240702
105336784	105343652	LOC105336784	20200521
105336794	105324681	LOC105336794	20200521
105336796	105319280	LOC105336796	20200521
105336798	105324679	LOC105336798	20200521
105336803	105336818	LOC105336803	20200521
105336804	105341447	LOC105336804	20240702
105336805	105338247	LOC105336805	20200521
105336812	105336822	LOC105336812	20200521
105336814	105336822	LOC105336814	20200521
105336825	105336824	LOC105336825	20200521
105336837	105336833	LOC105336837	20200521
105336851	105318204	LOC105336851	20200521
105336860	105330863	LOC105336860	20200521
105336861	105346321	LOC105336861	20200521
105336873	105346321	LOC105336873	20200521
105336893	105333678	LOC105336893	20200521
105336900	109619818	LOC105336900	20240702
105336937	105341150	LOC105336937	20200521
105336938	105338211	LOC105336938	20200521
105336953	105337813	LOC105336953	20200521
105336954	105345309	LOC105336954	20200521
105336955	105348046	LOC105336955	20200521
105336959	105327612	LOC105336959	20200521
105336978	117693074	LOC105336978	20240704
105336982	105336981	LOC105336982	20170203
105336983	117688863	LOC105336983	20240702
105336996	105336999	LOC105336996	20170203
105337018	105346121	LOC105337018	20240702
105337023	105335170	LOC105337023	20200521
105337031	105327840	LOC105337031	20200521
105337032	117690443	LOC105337032	20240704
105337033	105335170	LOC105337033	20200521
105337037	105321801	LOC105337037	20240702
105337052	105337053	LOC105337052	20200521
105337054	105336879	LOC105337054	20170203
105337056	105325407	LOC105337056	20200521
105337069	105337070	LOC105337069	20240702
105337077	105325407	LOC105337077	20200521
105337079	105338079	LOC105337079	20200521
105337081	105323970	LOC105337081	20240704
105337083	105327030	LOC105337083	20200521
105337087	109619325	LOC105337087	20200521
105337088	105337104	LOC105337088	20170203
105337098	105348685	LOC105337098	20200521
105337099	105338751	LOC105337099	20200521
105337103	105341823	LOC105337103	20240702
105337106	105337093	LOC105337106	20170203
105337112	105348685	LOC105337112	20200521
105337116	105339326	LOC105337116	20200521
105337117	105322070	LOC105337117	20240704
105337137	105341572	LOC105337137	20200521
105337140	105337139	LOC105337140	20200521
105337141	105322193	LOC105337141	20200521
105337147	105322899	LOC105337147	20240702
105337150	105322897	LOC105337150	20200521
105337156	105333609	LOC105337156	20200521
105337158	105322898	LOC105337158	20240702
105337160	105337155	LOC105337160	20200521
105337161	117689403	LOC105337161	20240702
105337164	105346924	LOC105337164	20200521
105337174	105329958	LOC105337174	20200521
105337175	117689409	LOC105337175	20240702
105337186	105337197	LOC105337186	20240702
105337202	105337203	LOC105337202	20170203
105337208	105346214	LOC105337208	20200521
105337213	105348454	LOC105337213	20200521
105337216	105336701	LOC105337216	20200521
105337217	105337260	LOC105337217	20170203
105337226	105337224	LOC105337226	20200521
105337231	117687481	LOC105337231	20240702
105337242	105337243	LOC105337242	20240702
105337245	105337269	LOC105337245	20200521
105337252	105346225	LOC105337252	20200521
105337253	109620989	LOC105337253	20200521
105337263	105337262	LOC105337263	20170203
105337277	105319391	LOC105337277	20200521
105337289	105337326	LOC105337289	20200521
105337305	105337307	LOC105337305	20200521
105337321	105325886	LOC105337321	20200521
105337324	105337323	LOC105337324	20170203
105337327	105337307	LOC105337327	20200521
105337329	105348634	LOC105337329	20240702
105337331	105337323	LOC105337331	20170203
105337349	117684109	LOC105337349	20240704
105337355	105337357	LOC105337355	20170203
105337356	105337357	LOC105337356	20170203
105337363	117683701	LOC105337363	20240702
105337390	105337388	LOC105337390	20200521
105337406	105329796	LOC105337406	20200521
105337407	105329796	LOC105337407	20200521
105337414	105337413	LOC105337414	20200521
105337417	105333599	LOC105337417	20200521
105337418	105337413	LOC105337418	20200521
105337430	105337422	LOC105337430	20200521
105337436	105338770	LOC105337436	20200521
105337437	105339127	LOC105337437	20200521
105337440	105340044	LOC105337440	20200521
105337452	105337465	LOC105337452	20200521
105337462	105349146	LOC105337462	20200521
105337467	105338770	LOC105337467	20200521
105337469	105331197	LOC105337469	20240702
105337470	105341528	LOC105337470	20200521
105337471	105322713	LOC105337471	20200521
105337476	117681525	LOC105337476	20240702
105337478	105317714	LOC105337478	20200521
105337482	105336496	LOC105337482	20200521
105337484	105337485	LOC105337484	20170203
105337487	105337486	LOC105337487	20200521
105337489	105337488	LOC105337489	20170203
105337499	105323772	LOC105337499	20200521
105337507	105323827	LOC105337507	20200521
105337508	105348419	LOC105337508	20200521
105337510	105343755	LOC105337510	20240702
105337512	105337511	LOC105337512	20200521
105337513	105326988	LOC105337513	20200521
105337514	109619902	LOC105337514	20200521
105337526	105327933	LOC105337526	20200521
105337528	105326988	LOC105337528	20200521
105337530	105337525	LOC105337530	20200521
105337534	105326801	LOC105337534	20240702
105337535	105337533	LOC105337535	20240702
105337536	105337537	LOC105337536	20200521
105337575	105335775	LOC105337575	20240704
105337576	105337577	LOC105337576	20240704
105337588	105324838	LOC105337588	20240704
105337597	105336575	LOC105337597	20200521
105337600	105337599	LOC105337600	20170203
105337608	105337449	LOC105337608	20200521
105337623	105337328	LOC105337623	20200521
105337625	105337328	LOC105337625	20200521
105337629	117690495	LOC105337629	20240704
105337641	117685114	LOC105337641	20240702
105337642	117681996	LOC105337642	20240702
105337647	105337644	LOC105337647	20200521
105337651	105343680	LOC105337651	20200521
105337656	105329107	LOC105337656	20200521
105337657	105332339	LOC105337657	20200521
105337670	105337671	LOC105337670	20200521
105337676	105320834	LOC105337676	20200521
105337681	105337683	LOC105337681	20170203
105337685	105329320	LOC105337685	20240702
105337686	105335245	LOC105337686	20240702
105337694	105327254	LOC105337694	20200521
105337699	109619543	LOC105337699	20200521
105337701	117688158	LOC105337701	20240702
105337730	105337727	LOC105337730	20200521
105337744	105324175	LOC105337744	20200521
105337757	105337756	LOC105337757	20170203
105337773	105337755	LOC105337773	20200521
105337777	105322072	LOC105337777	20200521
105337779	117689849	LOC105337779	20240702
105337781	105324376	LOC105337781	20240702
105337785	109618481	LOC105337785	20200521
105337791	105345474	LOC105337791	20200521
105337793	105346943	LOC105337793	20200521
105337799	117691854	LOC105337799	20240702
105337800	117691853	LOC105337800	20240704
105337801	105332446	LOC105337801	20200521
105337804	105336574	LOC105337804	20200521
105337806	105324062	LOC105337806	20200521
105337807	117680393	LOC105337807	20240702
105337809	105330535	LOC105337809	20240702
105337810	105330535	LOC105337810	20240704
105337811	105337813	LOC105337811	20200521
105337824	105324063	LOC105337824	20200521
105337825	105332564	LOC105337825	20200521
105337830	105331883	LOC105337830	20200521
105337832	117691842	LOC105337832	20240702
105337836	105348823	LOC105337836	20200521
105337874	105334325	LOC105337874	20200521
105337882	105318247	LOC105337882	20200521
105337890	105329088	LOC105337890	20200521
105337903	105325005	LOC105337903	20200521
105337907	105348470	LOC105337907	20200521
105337915	105337914	LOC105337915	20170203
105337918	105326481	LOC105337918	20200521
105337919	105337922	LOC105337919	20200521
105337930	105328720	LOC105337930	20200521
105337937	105327601	LOC105337937	20200521
105337953	105337955	LOC105337953	20200521
105337958	105344774	LOC105337958	20200521
105337968	105327476	LOC105337968	20200521
105337978	105337979	LOC105337978	20170203
105337991	105337969	LOC105337991	20200521
105338001	105337019	LOC105338001	20200521
105338003	105329193	LOC105338003	20200521
105338004	105333579	LOC105338004	20240704
105338006	105345679	LOC105338006	20240702
105338007	105345678	LOC105338007	20200521
105338009	105338010	LOC105338009	20200521
105338015	117688180	LOC105338015	20240702
105338017	105324595	LOC105338017	20200521
105338025	105338022	LOC105338025	20200521
105338030	105324470	LOC105338030	20200521
105338033	117688180	LOC105338033	20240702
105338040	105327777	LOC105338040	20200521
105338042	117680690	LOC105338042	20240702
105338044	105343555	LOC105338044	20200521
105338045	117688177	LOC105338045	20240702
105338046	105343760	LOC105338046	20200521
105338054	117688176	LOC105338054	20240702
105338057	105317884	LOC105338057	20200521
105338063	105338062	LOC105338063	20170203
105338077	117689765	LOC105338077	20240702
105338080	117687139	LOC105338080	20240702
105338101	105332963	LOC105338101	20240702
105338119	105335693	LOC105338119	20200521
105338120	105323582	LOC105338120	20200521
105338122	105338123	LOC105338122	20200521
105338135	117682662	LOC105338135	20240702
105338143	105344286	LOC105338143	20200521
105338145	105343367	LOC105338145	20200521
105338150	105338164	LOC105338150	20170203
105338151	105344542	LOC105338151	20200521
105338155	105344286	LOC105338155	20200521
105338171	105341811	LOC105338171	20200521
105338179	105338172	LOC105338179	20170203
105338182	105346397	LOC105338182	20200521
105338184	105319363	LOC105338184	20200521
105338205	105341136	LOC105338205	20200521
105338212	105338211	LOC105338212	20200521
105338214	105318147	LOC105338214	20200521
105338215	117689273	LOC105338215	20240702
105338223	105317946	LOC105338223	20200521
105338225	105338226	LOC105338225	20240702
105338231	105319331	LOC105338231	20200521
105338232	105343342	LOC105338232	20200521
105338233	105341136	LOC105338233	20200521
105338237	117685183	LOC105338237	20240702
105338238	117687032	LOC105338238	20240702
105338242	105320311	LOC105338242	20200521
105338245	105336939	LOC105338245	20200521
105338248	117690028	LOC105338248	20240702
105338282	105317109	LOC105338282	20200521
105338285	105338284	LOC105338285	20200521
105338289	117680321	LOC105338289	20240702
105338290	117687629	LOC105338290	20240704
105338294	105338295	LOC105338294	20170203
105338300	105338301	LOC105338300	20240702
105338308	105328090	LOC105338308	20200521
105338323	105333852	LOC105338323	20200521
105338328	105338321	LOC105338328	20200521
105338329	105333852	LOC105338329	20200521
105338332	105338252	LOC105338332	20200521
105338333	105338252	LOC105338333	20200521
105338336	105340813	LOC105338336	20200521
105338337	105337457	LOC105338337	20200521
105338341	105338347	LOC105338341	20170203
105338346	105338347	LOC105338346	20170203
105338352	105348582	LOC105338352	20200521
105338363	105338364	LOC105338363	20240702
105338366	105332910	LOC105338366	20200521
105338368	105338369	LOC105338368	20200521
105338376	105338375	LOC105338376	20200521
105338378	105338375	LOC105338378	20200521
105338384	105345433	LOC105338384	20200521
105338385	105346875	LOC105338385	20200521
105338387	105338379	LOC105338387	20200521
105338389	105333531	LOC105338389	20240702
105338393	105318331	LOC105338393	20200521
105338394	105327295	LOC105338394	20200521
105338412	105338404	LOC105338412	20200521
105338431	105339370	LOC105338431	20200521
105338444	105338435	LOC105338444	20170203
105338451	105345671	LOC105338451	20200521
105338462	105320779	LOC105338462	20200521
105338467	105338468	LOC105338467	20170203
105338471	105330768	LOC105338471	20200521
105338474	105334699	LOC105338474	20240702
105338482	105333161	LOC105338482	20200521
105338483	105324238	LOC105338483	20200521
105338485	105340246	LOC105338485	20200521
105338487	105343453	LOC105338487	20240702
105338505	109620191	LOC105338505	20200521
105338513	105326438	LOC105338513	20200521
105338518	105340955	LOC105338518	20200521
105338520	105338521	LOC105338520	20170203
105338524	117683055	LOC105338524	20240704
105338526	105331781	LOC105338526	20200521
105338533	105348015	LOC105338533	20200521
105338538	105334620	LOC105338538	20200521
105338543	105339797	LOC105338543	20200521
105338553	105330581	LOC105338553	20200521
105338573	105344512	LOC105338573	20200521
105338574	105338575	LOC105338574	20200521
105338581	105329718	LOC105338581	20200521
105338593	105338594	LOC105338593	20200521
105338601	105338694	LOC105338601	20170203
105338606	105338604	LOC105338606	20200521
105338631	105338632	LOC105338631	20200521
105338638	105338698	LOC105338638	20240702
105338667	117685650	LOC105338667	20240702
105338669	105330607	LOC105338669	20240702
105338671	117681213	LOC105338671	20240702
105338687	105322140	LOC105338687	20240702
105338689	117682340	LOC105338689	20240702
105338692	105333919	LOC105338692	20200521
105338693	105333900	LOC105338693	20200521
105338703	117686338	LOC105338703	20240702
105338705	105340995	LOC105338705	20200521
105338706	105340995	LOC105338706	20200521
105338709	117688003	LOC105338709	20240702
105338715	105338714	LOC105338715	20240704
105338721	105337457	LOC105338721	20200521
105338725	105327817	LOC105338725	20200521
105338726	105349046	LOC105338726	20200521
105338748	105338747	LOC105338748	20200521
105338765	105347640	LOC105338765	20200521
105338767	105347642	LOC105338767	20200521
105338773	105338774	LOC105338773	20200521
105338784	105338820	LOC105338784	20170203
105338808	105321789	LOC105338808	20200521
105338810	105319896	LOC105338810	20200521
105338811	105338830	LOC105338811	20200521
105338815	105338830	LOC105338815	20200521
105338817	105338770	LOC105338817	20200521
105338818	105338772	LOC105338818	20200521
105338819	105338820	LOC105338819	20170203
105338823	105318990	LOC105338823	20200521
105338828	105325030	LOC105338828	20200521
105338829	105338830	LOC105338829	20200521
105338836	117685084	LOC105338836	20240704
105338837	117685083	LOC105338837	20240702
105338839	117680310	LOC105338839	20240702
105338843	105338729	LOC105338843	20200521
105338846	105338840	LOC105338846	20240702
105338855	105348879	LOC105338855	20200521
105338858	105327203	LOC105338858	20170203
105338859	105327203	LOC105338859	20200521
105338862	105324912	LOC105338862	20200521
105338863	105333816	LOC105338863	20200521
105338882	105336392	LOC105338882	20240702
105338911	105328274	LOC105338911	20200521
105338920	105318918	LOC105338920	20200521
105338921	105343048	LOC105338921	20200521
105338922	105338913	LOC105338922	20200521
105338924	105338918	LOC105338924	20200521
105338936	105338931	LOC105338936	20170203
105338942	105338943	LOC105338942	20170203
105338945	105325250	LOC105338945	20200521
105338960	105347945	LOC105338960	20200521
105338961	105347944	LOC105338961	20200521
105338962	105331041	LOC105338962	20240704
105338967	105348258	LOC105338967	20200521
105338973	117691114	LOC105338973	20240702
105338976	105340263	LOC105338976	20200521
105338977	109617455	LOC105338977	20200521
105338992	105327853	LOC105338992	20200521
105338995	105323890	LOC105338995	20200521
105339003	105318684	LOC105339003	20200521
105339016	117681365	LOC105339016	20240702
105339021	105324466	LOC105339021	20200521
105339033	105324669	LOC105339033	20240704
105339035	105326643	LOC105339035	20200521
105339036	105326642	LOC105339036	20200521
105339041	105322420	LOC105339041	20200521
105339043	105345848	LOC105339043	20240702
105339046	105317076	LOC105339046	20240702
105339047	105339048	LOC105339047	20170203
105339064	105322320	LOC105339064	20200521
105339068	105324355	LOC105339068	20200521
105339090	117682943	LOC105339090	20240702
105339093	105320711	LOC105339093	20200521
105339098	105339099	LOC105339098	20200521
105339101	105339099	LOC105339101	20200521
105339102	105339099	LOC105339102	20200521
105339112	117686776	LOC105339112	20240702
105339113	105320711	LOC105339113	20200521
105339116	105330118	LOC105339116	20200521
105339129	105348724	LOC105339129	20240702
105339133	105339132	LOC105339133	20240702
105339143	105333246	LOC105339143	20200521
105339145	105329347	LOC105339145	20240702
105339153	105339150	LOC105339153	20240702
105339162	105339178	LOC105339162	20170203
105339163	105333483	LOC105339163	20200521
105339164	105332945	LOC105339164	20200521
105339168	105328451	LOC105339168	20200521
105339170	105339147	LOC105339170	20200521
105339171	105327840	LOC105339171	20200521
105339184	105325972	LOC105339184	20200521
105339192	105325976	LOC105339192	20200521
105339193	105339190	LOC105339193	20200521
105339213	105325314	LOC105339213	20200521
105339219	105329979	LOC105339219	20200521
105339220	105327902	LOC105339220	20200521
105339222	105329079	LOC105339222	20200521
105339228	105323798	LOC105339228	20200521
105339233	105346854	LOC105339233	20200521
105339237	105348155	LOC105339237	20200521
105339240	105348936	LOC105339240	20200521
105339252	105332005	LOC105339252	20200521
105339257	117680637	LOC105339257	20240702
105339258	105324894	LOC105339258	20240702
105339259	105329631	LOC105339259	20200521
105339260	105329616	LOC105339260	20240702
105339267	109619033	LOC105339267	20240702
105339270	105330253	LOC105339270	20200521
105339278	117690522	LOC105339278	20240702
105339287	105337398	LOC105339287	20200521
105339292	105339293	LOC105339292	20200521
105339297	105334511	LOC105339297	20200521
105339302	109620120	LOC105339302	20240702
105339308	117689791	LOC105339308	20240702
105339315	105335376	LOC105339315	20200521
105339329	105323753	LOC105339329	20200521
105339333	109618803	LOC105339333	20240702
105339338	105326122	LOC105339338	20200521
105339361	105339357	LOC105339361	20200521
105339362	105319366	LOC105339362	20200521
105339371	117680447	LOC105339371	20170203
105339372	117680447	LOC105339372	20240702
105339378	117690208	LOC105339378	20240702
105339383	105339384	LOC105339383	20240702
105339385	117692270	LOC105339385	20240702
105339387	109617286	LOC105339387	20200521
105339390	105345065	LOC105339390	20200521
105339391	105324993	LOC105339391	20200521
105339396	105317788	LOC105339396	20200521
105339397	117691553	LOC105339397	20240702
105339401	105337223	LOC105339401	20200521
105339403	117680458	LOC105339403	20240702
105339408	105339410	LOC105339408	20200521
105339409	105339410	LOC105339409	20170203
105339418	105337303	LOC105339418	20200521
105339429	105317322	LOC105339429	20200521
105339439	105339449	LOC105339439	20240702
105339462	105345416	LOC105339462	20200521
105339463	105340813	LOC105339463	20200521
105339482	105327324	LOC105339482	20200521
105339490	117692306	LOC105339490	20240702
105339497	105339494	LOC105339497	20200521
105339508	117692792	LOC105339508	20240704
105339509	105339459	LOC105339509	20170203
105339519	105339493	LOC105339519	20170203
105339522	105339520	LOC105339522	20200521
105339523	117683548	LOC105339523	20240702
105339528	105339529	LOC105339528	20170203
105339539	105321154	LOC105339539	20200521
105339557	105339555	LOC105339557	20170203
105339558	105339555	LOC105339558	20200521
105339559	117692369	LOC105339559	20240702
105339565	105339534	LOC105339565	20170203
105339567	105323475	LOC105339567	20200521
105339569	105334755	LOC105339569	20200521
105339570	105344574	LOC105339570	20200521
105339572	105348773	LOC105339572	20200521
105339581	105348325	LOC105339581	20200521
105339582	105339804	LOC105339582	20200521
105339583	105318971	LOC105339583	20200521
105339587	109619990	LOC105339587	20170203
105339590	109619990	LOC105339590	20240702
105339601	105324421	LOC105339601	20200521
105339608	105344404	LOC105339608	20200521
105339611	105342273	LOC105339611	20240702
105339614	105341179	LOC105339614	20200521
105339634	105319871	LOC105339634	20200521
105339667	105339657	LOC105339667	20200521
105339668	105318614	LOC105339668	20200521
105339674	105326014	LOC105339674	20200521
105339675	105326438	LOC105339675	20200521
105339676	105339677	LOC105339676	20170203
105339685	105341648	LOC105339685	20240702
105339689	117687414	LOC105339689	20240702
105339691	117689834	LOC105339691	20240702
105339694	105348378	LOC105339694	20200521
105339695	105339722	LOC105339695	20170203
105339707	105339706	LOC105339707	20170203
105339720	117680330	LOC105339720	20240702
105339723	105334247	LOC105339723	20200521
105339733	105318982	LOC105339733	20200521
105339734	105341342	LOC105339734	20200521
105339747	105339732	LOC105339747	20170203
105339748	105333453	LOC105339748	20240702
105339755	105319285	LOC105339755	20200521
105339758	105332090	LOC105339758	20240704
105339764	105348384	LOC105339764	20200521
105339765	105328276	LOC105339765	20170203
105339766	105328276	LOC105339766	20200521
105339773	117680666	LOC105339773	20240702
105339774	117680666	LOC105339774	20240702
105339785	117692971	LOC105339785	20240702
105339790	105330113	LOC105339790	20200521
105339802	105339803	LOC105339802	20170203
105339806	105340070	LOC105339806	20200521
105339809	105339828	LOC105339809	20170203
105339811	105341636	LOC105339811	20170203
105339812	105341636	LOC105339812	20200521
105339816	105335103	LOC105339816	20200521
105339820	117681453	LOC105339820	20240702
105339832	105319791	LOC105339832	20200521
105339833	105339835	LOC105339833	20200521
105339837	105323905	LOC105339837	20200521
105339839	105339838	LOC105339839	20200521
105339858	105343042	LOC105339858	20200521
105339867	105333370	LOC105339867	20240704
105339874	105329383	LOC105339874	20200521
105339876	105318527	LOC105339876	20240702
105339878	105345737	LOC105339878	20200521
105339879	105345737	LOC105339879	20200521
105339889	105318884	LOC105339889	20200521
105339891	105329184	LOC105339891	20200521
105339892	105317106	LOC105339892	20200521
105339895	105329183	LOC105339895	20200521
105339900	105339901	LOC105339900	20170203
105339905	105342815	LOC105339905	20200521
105339915	105323728	LOC105339915	20240702
105339935	105339934	LOC105339935	20170203
105339936	105347618	LOC105339936	20200521
105339943	105339939	LOC105339943	20170203
105339945	105339984	LOC105339945	20200521
105339948	105339946	LOC105339948	20200521
105339953	109617473	LOC105339953	20240702
105339960	105329255	LOC105339960	20240702
105339985	105327085	LOC105339985	20200521
105339986	105323126	LOC105339986	20200521
105339988	109620194	LOC105339988	20200521
105339991	105348957	LOC105339991	20200521
105339992	105324298	LOC105339992	20200521
105339999	105327476	LOC105339999	20170203
105340005	105327476	LOC105340005	20200521
105340012	117688957	LOC105340012	20240702
105340017	117683797	LOC105340017	20240704
105340051	105328960	LOC105340051	20200521
105340057	105324897	LOC105340057	20200521
105340071	105340070	LOC105340071	20200521
105340076	105331446	LOC105340076	20200521
105340079	105332055	LOC105340079	20240702
105340095	105323546	LOC105340095	20200521
105340097	105335373	LOC105340097	20240702
105340098	105332564	LOC105340098	20200521
105340103	105340102	LOC105340103	20200521
105340139	105334073	LOC105340139	20240704
105340143	105317886	LOC105340143	20200521
105340148	105328870	LOC105340148	20200521
105340149	105332564	LOC105340149	20200521
105340155	105322827	LOC105340155	20200521
105340157	105327349	LOC105340157	20200521
105340160	105336496	LOC105340160	20200521
105340183	105327403	LOC105340183	20200521
105340185	105333885	LOC105340185	20200521
105340194	109618656	LOC105340194	20200521
105340206	105346107	LOC105340206	20200521
105340207	105340200	LOC105340207	20200521
105340211	105326754	LOC105340211	20200521
105340214	105320953	LOC105340214	20200521
105340219	105340218	LOC105340219	20200521
105340228	105340247	LOC105340228	20200521
105340233	105340232	LOC105340233	20200521
105340235	105330317	LOC105340235	20200521
105340236	105330317	LOC105340236	20200521
105340240	105320702	LOC105340240	20200521
105340248	117682633	LOC105340248	20240702
105340256	105333781	LOC105340256	20200521
105340257	105340568	LOC105340257	20170203
105340258	105340568	LOC105340258	20200521
105340269	105342989	LOC105340269	20200521
105340271	105340273	LOC105340271	20240702
105340272	105345390	LOC105340272	20200521
105340280	117682035	LOC105340280	20240702
105340281	117680466	LOC105340281	20240702
105340283	117682731	LOC105340283	20240702
105340290	105331511	LOC105340290	20240702
105340294	105340293	LOC105340294	20200521
105340303	105340295	LOC105340303	20170203
105340336	105322416	LOC105340336	20200521
105340349	105337574	LOC105340349	20240702
105340354	109617108	LOC105340354	20240702
105340357	105323979	LOC105340357	20200521
105340358	105324082	LOC105340358	20200521
105340389	105324513	LOC105340389	20200521
105340391	105335531	LOC105340391	20200521
105340393	105330296	LOC105340393	20200521
105340407	117688937	LOC105340407	20240702
105340409	117688939	LOC105340409	20240702
105340419	117684735	LOC105340419	20240702
105340433	105348051	LOC105340433	20200521
105340443	117691695	LOC105340443	20240702
105340451	105346731	LOC105340451	20200521
105340458	105342210	LOC105340458	20200521
105340459	105329042	LOC105340459	20200521
105340474	105340473	LOC105340474	20200521
105340477	117692231	LOC105340477	20240702
105340478	105340479	LOC105340478	20170203
105340482	109619368	LOC105340482	20200521
105340485	105334145	LOC105340485	20200521
105340511	109620264	LOC105340511	20200521
105340527	117680419	LOC105340527	20240702
105340531	105347475	LOC105340531	20200521
105340532	105340534	LOC105340532	20170203
105340533	105340534	LOC105340533	20200521
105340537	105340536	LOC105340537	20170203
105340551	117693133	LOC105340551	20240702
105340566	105323338	LOC105340566	20200521
105340569	105333781	LOC105340569	20200521
105340570	117683851	LOC105340570	20240702
105340588	105333082	LOC105340588	20200521
105340603	105320356	LOC105340603	20200521
105340609	105328438	LOC105340609	20200521
105340611	105340624	LOC105340611	20200521
105340625	105340624	LOC105340625	20170203
105340626	105340618	LOC105340626	20200521
105340629	105348453	LOC105340629	20200521
105340631	105340630	LOC105340631	20170203
105340637	105340636	LOC105340637	20240702
105340638	105340989	LOC105340638	20200521
105340644	105345759	LOC105340644	20200521
105340646	105346926	LOC105340646	20200521
105340649	105340651	LOC105340649	20240702
105340653	109620289	LOC105340653	20200521
105340664	105329812	LOC105340664	20200521
105340666	105331248	LOC105340666	20200521
105340675	105340674	LOC105340675	20170203
105340680	105318362	LOC105340680	20200521
105340681	105318362	LOC105340681	20200521
105340683	105322159	LOC105340683	20200521
105340696	105340700	LOC105340696	20200521
105340705	105340685	LOC105340705	20200521
105340709	105319352	LOC105340709	20200521
105340712	105328641	LOC105340712	20200521
105340719	105340717	LOC105340719	20200521
105340729	117681336	LOC105340729	20240702
105340749	105342949	LOC105340749	20200521
105340760	105348258	LOC105340760	20200521
105340764	105328752	LOC105340764	20240702
105340768	105320567	LOC105340768	20200521
105340786	105340798	LOC105340786	20170203
105340788	105328066	LOC105340788	20200521
105340792	105336547	LOC105340792	20200521
105340802	105321022	LOC105340802	20200521
105340804	105332200	LOC105340804	20200521
105340805	105334230	LOC105340805	20200521
105340811	105319567	LOC105340811	20200521
105340812	105343851	LOC105340812	20200521
105340814	105324245	LOC105340814	20200521
105340818	105343135	LOC105340818	20200521
105340819	105343137	LOC105340819	20200521
105340820	105334900	LOC105340820	20200521
105340824	105348579	LOC105340824	20200521
105340825	117684039	LOC105340825	20240702
105340826	105339430	LOC105340826	20200521
105340850	105347299	LOC105340850	20200521
105340856	105320940	LOC105340856	20240702
105340864	105317051	LOC105340864	20200521
105340873	105342884	LOC105340873	20240702
105340876	117692237	LOC105340876	20240702
105340877	117680443	LOC105340877	20240702
105340889	105340984	LOC105340889	20200521
105340893	105340891	LOC105340893	20200521
105340896	109619518	LOC105340896	20200521
105340900	109619489	LOC105340900	20200521
105340902	105327066	LOC105340902	20200521
105340904	105342581	LOC105340904	20200521
105340906	105326729	LOC105340906	20200521
105340909	105331823	LOC105340909	20200521
105340915	105346334	LOC105340915	20200521
105340917	105342922	LOC105340917	20200521
105340918	105329029	LOC105340918	20200521
105340939	105340938	LOC105340939	20200521
105340947	105348467	LOC105340947	20200521
105340951	105340715	LOC105340951	20240702
105340952	105340715	LOC105340952	20200521
105340953	109618517	LOC105340953	20200521
105340956	105338330	LOC105340956	20200521
105340961	105340962	LOC105340961	20200521
105340970	105334451	LOC105340970	20200521
105340973	105319293	LOC105340973	20200521
105340974	105340984	LOC105340974	20200521
105340977	105330809	LOC105340977	20200521
105340990	105325029	LOC105340990	20200521
105340997	105342829	LOC105340997	20200521
105341002	105347520	LOC105341002	20200521
105341003	105333346	LOC105341003	20240702
105341006	105321045	LOC105341006	20200521
105341019	105324027	LOC105341019	20200521
105341023	117682681	LOC105341023	20240704
105341024	105342263	LOC105341024	20200521
105341035	105333660	LOC105341035	20240702
105341037	105331973	LOC105341037	20240702
105341041	105344669	LOC105341041	20200521
105341048	105320856	LOC105341048	20240704
105341049	117689964	LOC105341049	20240704
105341053	105348754	LOC105341053	20200521
105341059	117682034	LOC105341059	20240702
105341109	117683257	LOC105341109	20240702
105341113	117682125	LOC105341113	20240702
105341128	105341086	LOC105341128	20170203
105341137	117691820	LOC105341137	20240702
105341147	105319517	LOC105341147	20200521
105341148	105329666	LOC105341148	20200521
105341152	105341151	LOC105341152	20200521
105341157	117685251	LOC105341157	20240702
105341163	105319115	LOC105341163	20200521
105341164	105322827	LOC105341164	20200521
105341166	105327130	LOC105341166	20200521
105341169	105341168	LOC105341169	20170203
105341185	117692503	LOC105341185	20240702
105341189	105341966	LOC105341189	20200521
105341205	117684596	LOC105341205	20240702
105341209	109620350	LOC105341209	20200521
105341215	105341269	LOC105341215	20200521
105341217	105341269	LOC105341217	20200521
105341242	105341240	LOC105341242	20200521
105341263	105324501	LOC105341263	20240704
105341266	109620349	LOC105341266	20200521
105341272	105343685	LOC105341272	20200521
105341279	105340677	LOC105341279	20240704
105341284	105324416	LOC105341284	20200521
105341291	105332910	LOC105341291	20200521
105341296	117692504	LOC105341296	20240702
105341302	105324309	LOC105341302	20240704
105341305	105341304	LOC105341305	20200521
105341308	117687753	LOC105341308	20240702
105341311	117687788	LOC105341311	20240702
105341315	105336706	LOC105341315	20200521
105341316	105342368	LOC105341316	20200521
105341317	105319626	LOC105341317	20200521
105341319	105318400	LOC105341319	20200521
105341320	105318401	LOC105341320	20200521
105341328	105323394	LOC105341328	20200521
105341343	105322974	LOC105341343	20200521
105341354	105332067	LOC105341354	20200521
105341360	117688661	LOC105341360	20240702
105341363	105323979	LOC105341363	20200521
105341368	105323979	LOC105341368	20200521
105341369	105339028	LOC105341369	20200521
105341376	105341378	LOC105341376	20200521
105341399	105320474	LOC105341399	20200521
105341400	117683998	LOC105341400	20240702
105341404	105341406	LOC105341404	20200521
105341405	105341406	LOC105341405	20200521
105341410	105341406	LOC105341410	20200521
105341420	105333450	LOC105341420	20240704
105341426	105341424	LOC105341426	20170203
105341428	105330338	LOC105341428	20200521
105341429	105330338	LOC105341429	20240702
105341435	105341437	LOC105341435	20200521
105341449	105318527	LOC105341449	20200521
105341457	105341460	LOC105341457	20170203
105341464	105341462	LOC105341464	20200521
105341468	105341470	LOC105341468	20200521
105341479	117690128	LOC105341479	20240702
105341488	117684728	LOC105341488	20240702
105341491	105341512	LOC105341491	20170203
105341501	105342606	LOC105341501	20200521
105341517	105341516	LOC105341517	20240702
105341518	117690148	LOC105341518	20240702
105341534	105343684	LOC105341534	20200521
105341535	105330219	LOC105341535	20200521
105341545	109617601	LOC105341545	20200521
105341547	105330431	LOC105341547	20200521
105341549	105330431	LOC105341549	20200521
105341551	105330100	LOC105341551	20200521
105341554	105327790	LOC105341554	20200521
105341569	105339399	LOC105341569	20200521
105341573	105337139	LOC105341573	20240704
105341577	105343684	LOC105341577	20200521
105341598	105328942	LOC105341598	20200521
105341600	105343175	LOC105341600	20200521
105341601	105336671	LOC105341601	20200521
105341605	105338764	LOC105341605	20200521
105341614	105341615	LOC105341614	20200521
105341617	105332078	LOC105341617	20200521
105341630	105341629	LOC105341630	20200521
105341639	105335189	LOC105341639	20200521
105341640	105335188	LOC105341640	20200521
105341644	117685172	LOC105341644	20240702
105341645	105347664	LOC105341645	20200521
105341647	105334235	LOC105341647	20200521
105341651	105317858	LOC105341651	20240702
105341653	105320668	LOC105341653	20200521
105341663	105318228	LOC105341663	20200521
105341666	105323381	LOC105341666	20200521
105341669	105347045	LOC105341669	20240702
105341676	105341688	LOC105341676	20170203
105341685	105332424	LOC105341685	20200521
105341687	105341688	LOC105341687	20170203
105341715	105332408	LOC105341715	20200521
105341716	105320056	LOC105341716	20200521
105341724	105341725	LOC105341724	20170203
105341737	105345248	LOC105341737	20200521
105341740	105334750	LOC105341740	20200521
105341741	105341764	LOC105341741	20200521
105341743	105345247	LOC105341743	20200521
105341755	117680442	LOC105341755	20240702
105341756	117680434	LOC105341756	20240702
105341757	105340972	LOC105341757	20200521
105341758	105324454	LOC105341758	20200521
105341781	105341783	LOC105341781	20170203
105341782	105341783	LOC105341782	20200521
105341784	105324071	LOC105341784	20200521
105341797	105335245	LOC105341797	20240702
105341809	105341823	LOC105341809	20170203
105341813	105325550	LOC105341813	20200521
105341817	105324453	LOC105341817	20200521
105341827	109617047	LOC105341827	20200521
105341839	105341841	LOC105341839	20200521
105341847	105337075	LOC105341847	20200521
105341850	117680333	LOC105341850	20240702
105341852	117684916	LOC105341852	20240702
105341860	105341859	LOC105341860	20200521
105341862	105341859	LOC105341862	20200521
105341863	105341864	LOC105341863	20170203
105341872	105325407	LOC105341872	20200521
105341873	105330908	LOC105341873	20200521
105341880	105330144	LOC105341880	20200521
105341882	105339339	LOC105341882	20200521
105341889	117690311	LOC105341889	20240702
105341892	105327984	LOC105341892	20200521
105341893	105335331	LOC105341893	20200521
105341897	105341896	LOC105341897	20170203
105341899	105341898	LOC105341899	20240702
105341900	105321080	LOC105341900	20240702
105341903	105324614	LOC105341903	20200521
105341904	105322070	LOC105341904	20200521
105341905	105339410	LOC105341905	20200521
105341907	105339616	LOC105341907	20200521
105341910	105328437	LOC105341910	20200521
105341913	105320307	LOC105341913	20200521
105341919	105333097	LOC105341919	20200521
105341926	105337911	LOC105341926	20200521
105341936	105346817	LOC105341936	20200521
105341939	105335215	LOC105341939	20200521
105341941	109619606	LOC105341941	20200521
105341943	105334293	LOC105341943	20200521
105341945	105334293	LOC105341945	20200521
105341947	117688781	LOC105341947	20240702
105341964	105332967	LOC105341964	20200521
105341971	105324422	LOC105341971	20200521
105341972	117692803	LOC105341972	20240704
105341982	105330593	LOC105341982	20200521
105341983	105330593	LOC105341983	20200521
105341990	105338515	LOC105341990	20200521
105341991	105342011	LOC105341991	20200521
105341994	105342011	LOC105341994	20170203
105342000	105332272	LOC105342000	20200521
105342010	105342009	LOC105342010	20200521
105342025	105323486	LOC105342025	20200521
105342036	105324112	LOC105342036	20240702
105342037	105332324	LOC105342037	20200521
105342046	105330768	LOC105342046	20240702
105342047	105331086	LOC105342047	20200521
105342050	117690766	LOC105342050	20240704
105342069	105342064	LOC105342069	20170203
105342073	105342049	LOC105342073	20170203
105342084	117689840	LOC105342084	20240702
105342102	105342101	LOC105342102	20240702
105342103	105320444	LOC105342103	20200521
105342104	105325171	LOC105342104	20200521
105342129	117687263	LOC105342129	20170203
105342131	105342116	LOC105342131	20240702
105342135	105329944	LOC105342135	20200521
105342140	117687263	LOC105342140	20240702
105342145	105322801	LOC105342145	20200521
105342147	105342146	LOC105342147	20200521
105342158	117692745	LOC105342158	20240702
105342161	105322036	LOC105342161	20200521
105342166	105333344	LOC105342166	20200521
105342169	105340715	LOC105342169	20200521
105342171	105347618	LOC105342171	20200521
105342175	105335934	LOC105342175	20200521
105342176	105326917	LOC105342176	20200521
105342178	105342035	LOC105342178	20200521
105342179	105342035	LOC105342179	20200521
105342190	105327137	LOC105342190	20240704
105342191	105327110	LOC105342191	20200521
105342207	105321879	LOC105342207	20240702
105342212	105317739	LOC105342212	20200521
105342226	105332749	LOC105342226	20200521
105342227	105347760	LOC105342227	20170203
105342228	105347760	LOC105342228	20200521
105342237	109620448	LOC105342237	20200521
105342239	105342238	LOC105342239	20200521
105342251	105342159	LOC105342251	20200521
105342258	105327949	LOC105342258	20200521
105342265	105339947	LOC105342265	20200521
105342275	105320689	LOC105342275	20200521
105342277	117688419	LOC105342277	20240702
105342279	117687745	LOC105342279	20240702
105342320	105337700	LOC105342320	20200521
105342322	105342900	LOC105342322	20200521
105342323	105333489	LOC105342323	20200521
105342325	105326528	LOC105342325	20240702
105342347	105345835	LOC105342347	20200521
105342356	105342357	LOC105342356	20200521
105342361	105342477	LOC105342361	20200521
105342367	105322424	LOC105342367	20200521
105342369	105342368	LOC105342369	20200521
105342370	105319155	LOC105342370	20200521
105342371	117684202	LOC105342371	20240702
105342375	105331677	LOC105342375	20200521
105342408	105326575	LOC105342408	20200521
105342411	105345470	LOC105342411	20200521
105342413	105335284	LOC105342413	20200521
105342425	105348491	LOC105342425	20240704
105342427	105348811	LOC105342427	20200521
105342428	117682663	LOC105342428	20240702
105342437	105342438	LOC105342437	20200521
105342454	117692614	LOC105342454	20240702
105342455	117692616	LOC105342455	20240702
105342473	105338993	LOC105342473	20200521
105342474	105338985	LOC105342474	20200521
105342475	105330248	LOC105342475	20200521
105342489	117691615	LOC105342489	20240702
105342495	109617509	LOC105342495	20240702
105342499	105320240	LOC105342499	20200521
105342501	117683452	LOC105342501	20240702
105342505	105323556	LOC105342505	20200521
105342508	117685996	LOC105342508	20240702
105342510	105321133	LOC105342510	20200521
105342511	105321133	LOC105342511	20200521
105342521	105342567	LOC105342521	20200521
105342531	105342532	LOC105342531	20200521
105342543	105342571	LOC105342543	20240702
105342561	105317677	LOC105342561	20200521
105342569	105342525	LOC105342569	20200521
105342570	105342571	LOC105342570	20170203
105342573	105327572	LOC105342573	20240704
105342575	117683862	LOC105342575	20240702
105342597	105326550	LOC105342597	20200521
105342598	117685354	LOC105342598	20240702
105342599	105324932	LOC105342599	20240702
105342600	105333941	LOC105342600	20200521
105342602	105326836	LOC105342602	20200521
105342607	105324261	LOC105342607	20200521
105342609	109617411	LOC105342609	20240702
105342613	105333663	LOC105342613	20200521
105342615	105342612	LOC105342615	20200521
105342616	105343037	LOC105342616	20170203
105342624	117686609	LOC105342624	20240702
105342626	117681705	LOC105342626	20240702
105342633	105340220	LOC105342633	20200521
105342639	105342635	LOC105342639	20200521
105342653	105339485	LOC105342653	20200521
105342656	105323889	LOC105342656	20200521
105342708	105347663	LOC105342708	20200521
105342709	117692633	LOC105342709	20240702
105342730	105317522	LOC105342730	20200521
105342736	105325405	LOC105342736	20240702
105342745	105326168	LOC105342745	20200521
105342746	105342748	LOC105342746	20170203
105342755	105343422	LOC105342755	20200521
105342763	105342773	LOC105342763	20240702
105342764	105343045	LOC105342764	20240702
105342769	105342754	LOC105342769	20170203
105342772	105342773	LOC105342772	20200521
105342794	105342783	LOC105342794	20200521
105342797	105340395	LOC105342797	20240702
105342802	105330987	LOC105342802	20200521
105342809	105340164	LOC105342809	20200521
105342814	109619990	LOC105342814	20200521
105342818	117680359	LOC105342818	20240702
105342819	117686913	LOC105342819	20240704
105342820	117685997	LOC105342820	20240702
105342830	105336554	LOC105342830	20200521
105342840	105342841	LOC105342840	20200521
105342844	105319325	LOC105342844	20200521
105342850	109618161	LOC105342850	20240704
105342854	117691330	LOC105342854	20240702
105342865	105342864	LOC105342865	20170203
105342875	105329701	LOC105342875	20200521
105342883	105348909	LOC105342883	20240702
105342904	105320959	LOC105342904	20200521
105342914	105342916	LOC105342914	20170203
105342919	105342923	LOC105342919	20240702
105342933	105342998	LOC105342933	20200521
105342937	105342932	LOC105342937	20200521
105342940	105321641	LOC105342940	20200521
105342945	105342344	LOC105342945	20200521
105342950	105326630	LOC105342950	20200521
105342953	105334311	LOC105342953	20200521
105342954	105334306	LOC105342954	20200521
105342955	105348880	LOC105342955	20240702
105342957	117687892	LOC105342957	20240704
105342961	117687011	LOC105342961	20240702
105342963	117687981	LOC105342963	20240702
105342966	105319588	LOC105342966	20200521
105342986	105342987	LOC105342986	20170203
105342993	105331783	LOC105342993	20200521
105342994	105320167	LOC105342994	20200521
105343004	109621176	LOC105343004	20200521
105343007	105322414	LOC105343007	20200521
105343020	105343001	LOC105343020	20170203
105343021	105331436	LOC105343021	20200521
105343023	105342604	LOC105343023	20200521
105343033	105343031	LOC105343033	20240702
105343039	105343038	LOC105343039	20170203
105343046	105317959	LOC105343046	20200521
105343049	117692238	LOC105343049	20240704
105343054	105328686	LOC105343054	20200521
105343057	117680322	LOC105343057	20240702
105343059	105348209	LOC105343059	20200521
105343061	105343056	LOC105343061	20170203
105343066	105338002	LOC105343066	20240702
105343099	105347137	LOC105343099	20200521
105343102	117685576	LOC105343102	20240702
105343106	105343105	LOC105343106	20200521
105343125	109620564	LOC105343125	20200521
105343126	109620564	LOC105343126	20200521
105343144	105323574	LOC105343144	20200521
105343164	105330929	LOC105343164	20200521
105343165	105320599	LOC105343165	20200521
105343209	105343208	LOC105343209	20170203
105343210	105343208	LOC105343210	20200521
105343212	105343204	LOC105343212	20200521
105343221	105343226	LOC105343221	20170203
105343225	105322072	LOC105343225	20200521
105343232	105339961	LOC105343232	20200521
105343236	105318470	LOC105343236	20200521
105343280	105323566	LOC105343280	20200521
105343287	105343500	LOC105343287	20200521
105343294	105343295	LOC105343294	20200521
105343319	105341280	LOC105343319	20240702
105343321	105341280	LOC105343321	20200521
105343326	105335515	LOC105343326	20200521
105343331	105348982	LOC105343331	20200521
105343344	105349038	LOC105343344	20200521
105343362	105327819	LOC105343362	20200521
105343366	105344286	LOC105343366	20200521
105343368	105344286	LOC105343368	20200521
105343369	105324340	LOC105343369	20200521
105343377	105318815	LOC105343377	20200521
105343389	105324030	LOC105343389	20200521
105343397	105333338	LOC105343397	20200521
105343401	105334980	LOC105343401	20200521
105343413	105343412	LOC105343413	20200521
105343418	105324500	LOC105343418	20240702
105343426	105348008	LOC105343426	20200521
105343432	105348437	LOC105343432	20200521
105343436	105318121	LOC105343436	20200521
105343439	105343440	LOC105343439	20240702
105343442	105324039	LOC105343442	20200521
105343452	105343451	LOC105343452	20170203
105343454	105324179	LOC105343454	20200521
105343456	105317035	LOC105343456	20200521
105343462	117681475	LOC105343462	20240704
105343463	105320997	LOC105343463	20200521
105343493	117682918	LOC105343493	20240702
105343496	105336543	LOC105343496	20200521
105343504	105341925	LOC105343504	20200521
105343505	105336552	LOC105343505	20200521
105343507	105342568	LOC105343507	20200521
105343509	105333097	LOC105343509	20200521
105343520	105345467	LOC105343520	20200521
105343522	105326153	LOC105343522	20200521
105343542	117687453	LOC105343542	20240704
105343543	105320169	LOC105343543	20200521
105343547	105326470	LOC105343547	20200521
105343552	105343551	LOC105343552	20170203
105343553	117680504	LOC105343553	20240702
105343558	105324501	LOC105343558	20240702
105343562	105345393	LOC105343562	20200521
105343571	105344270	LOC105343571	20200521
105343575	105325291	LOC105343575	20200521
105343577	117686252	LOC105343577	20240702
105343579	105337420	LOC105343579	20200521
105343581	105343588	LOC105343581	20200521
105343590	105343585	LOC105343590	20200521
105343613	105346841	LOC105343613	20240702
105343629	105343628	LOC105343629	20200521
105343633	117681862	LOC105343633	20240702
105343654	117690222	LOC105343654	20240702
105343658	105343659	LOC105343658	20240702
105343674	105342920	LOC105343674	20200521
105343694	105328091	LOC105343694	20200521
105343697	105325414	LOC105343697	20200521
105343698	105342496	LOC105343698	20200521
105343699	105342498	LOC105343699	20200521
105343700	105343701	LOC105343700	20240702
105343715	117692972	LOC105343715	20240702
105343723	105343455	LOC105343723	20200521
105343727	105343729	LOC105343727	20240702
105343728	105343730	LOC105343728	20200521
105343737	105342507	LOC105343737	20200521
105343741	105342507	LOC105343741	20200521
105343742	105342507	LOC105343742	20200521
105343743	105333787	LOC105343743	20200521
105343744	105333787	LOC105343744	20240702
105343748	105324084	LOC105343748	20200521
105343763	105340073	LOC105343763	20200521
105343768	105333883	LOC105343768	20200521
105343773	105333323	LOC105343773	20200521
105343774	105323738	LOC105343774	20200521
105343784	105325441	LOC105343784	20200521
105343785	105334167	LOC105343785	20200521
105343788	105343398	LOC105343788	20200521
105343791	105336384	LOC105343791	20200521
105343793	105336385	LOC105343793	20200521
105343798	105343799	LOC105343798	20170203
105343807	105322413	LOC105343807	20200521
105343813	117684315	LOC105343813	20240702
105343820	105334293	LOC105343820	20200521
105343822	105343823	LOC105343822	20200521
105343836	117689511	LOC105343836	20240702
105343839	105326697	LOC105343839	20200521
105343842	105343816	LOC105343842	20200521
105343845	117680332	LOC105343845	20240702
105343857	105326757	LOC105343857	20200521
105343867	105338276	LOC105343867	20200521
105343868	105338276	LOC105343868	20170203
105343869	105329201	LOC105343869	20240702
105343896	117683556	LOC105343896	20240702
105343900	105348700	LOC105343900	20200521
105343901	105341940	LOC105343901	20200521
105343902	105341940	LOC105343902	20200521
105343903	105318011	LOC105343903	20200521
105343904	117693051	LOC105343904	20240702
105343908	117690470	LOC105343908	20240704
105343910	105322445	LOC105343910	20200521
105343920	105343922	LOC105343920	20200521
105343938	105338293	LOC105343938	20200521
105343943	105334403	LOC105343943	20200521
105343944	105346939	LOC105343944	20200521
105343947	105330437	LOC105343947	20200521
105343967	105343968	LOC105343967	20170203
105343972	109620689	LOC105343972	20240702
105343979	105345381	LOC105343979	20200521
105343982	105339776	LOC105343982	20200521
105343986	105325525	LOC105343986	20200521
105343996	117686954	LOC105343996	20240702
105344008	105321047	LOC105344008	20200521
105344009	117685946	LOC105344009	20240702
105344012	105319293	LOC105344012	20200521
105344016	105336759	LOC105344016	20200521
105344017	105333485	LOC105344017	20200521
105344020	105323160	LOC105344020	20200521
105344023	105348104	LOC105344023	20200521
105344028	105327130	LOC105344028	20240702
105344032	105341748	LOC105344032	20240702
105344046	109619205	LOC105344046	20240702
105344049	105339045	LOC105344049	20200521
105344053	105321699	LOC105344053	20200521
105344071	105340534	LOC105344071	20200521
105344079	105338853	LOC105344079	20200521
105344083	109620684	LOC105344083	20240702
105344086	105344093	LOC105344086	20170203
105344091	105344120	LOC105344091	20240702
105344105	117682534	LOC105344105	20240702
105344126	105344097	LOC105344126	20170203
105344128	117680448	LOC105344128	20240702
105344129	105320607	LOC105344129	20240702
105344136	105340568	LOC105344136	20200521
105344145	105344156	LOC105344145	20200521
105344158	105344144	LOC105344158	20200521
105344162	105344170	LOC105344162	20240702
105344167	105342773	LOC105344167	20200521
105344177	105338822	LOC105344177	20200521
105344180	105345339	LOC105344180	20200521
105344181	105331010	LOC105344181	20240702
105344196	105335627	LOC105344196	20240702
105344208	105317975	LOC105344208	20200521
105344209	105347658	LOC105344209	20200521
105344223	105345866	LOC105344223	20200521
105344240	105344233	LOC105344240	20200521
105344244	117680350	LOC105344244	20240702
105344247	117693028	LOC105344247	20240702
105344251	105344225	LOC105344251	20200521
105344268	105344521	LOC105344268	20200521
105344272	105344273	LOC105344272	20170203
105344274	117690239	LOC105344274	20240702
105344275	117690240	LOC105344275	20240702
105344293	105329191	LOC105344293	20200521
105344295	105323142	LOC105344295	20200521
105344305	117692688	LOC105344305	20240702
105344306	105331269	LOC105344306	20200521
105344316	109618584	LOC105344316	20200521
105344355	105345661	LOC105344355	20240702
105344362	105344364	LOC105344362	20200521
105344382	105331095	LOC105344382	20200521
105344383	105344064	LOC105344383	20200521
105344386	109619637	LOC105344386	20200521
105344387	109617512	LOC105344387	20200521
105344388	105325327	LOC105344388	20200521
105344397	105345387	LOC105344397	20200521
105344399	105340499	LOC105344399	20200521
105344400	105344402	LOC105344400	20200521
105344413	105322876	LOC105344413	20240702
105344424	105340100	LOC105344424	20200521
105344443	105322274	LOC105344443	20200521
105344455	117690275	LOC105344455	20240704
105344461	105344462	LOC105344461	20200521
105344463	105344488	LOC105344463	20170203
105344471	105344473	LOC105344471	20170203
105344486	109618335	LOC105344486	20240702
105344487	105330731	LOC105344487	20200521
105344492	105338195	LOC105344492	20200521
105344493	117685103	LOC105344493	20240702
105344497	117680363	LOC105344497	20240702
105344507	117688582	LOC105344507	20240702
105344508	105344514	LOC105344508	20240702
105344511	105327763	LOC105344511	20240702
105344513	105323951	LOC105344513	20200521
105344518	105330727	LOC105344518	20200521
105344522	105330728	LOC105344522	20200521
105344523	105333734	LOC105344523	20200521
105344532	105322991	LOC105344532	20240702
105344533	105322991	LOC105344533	20200521
105344535	117690565	LOC105344535	20240704
105344541	105338115	LOC105344541	20200521
105344553	105319352	LOC105344553	20200521
105344560	105317144	LOC105344560	20200521
105344561	105344556	LOC105344561	20200521
105344594	105344595	LOC105344594	20170203
105344609	109617652	LOC105344609	20240704
105344613	105344611	LOC105344613	20200521
105344614	105344611	LOC105344614	20170203
105344632	105344666	LOC105344632	20170203
105344668	105341040	LOC105344668	20200521
105344676	105325559	LOC105344676	20200521
105344678	105343247	LOC105344678	20200521
105344681	105321431	LOC105344681	20200521
105344683	105332312	LOC105344683	20200521
105344684	105332313	LOC105344684	20200521
105344694	105332313	LOC105344694	20200521
105344701	105321012	LOC105344701	20200521
105344702	105340742	LOC105344702	20200521
105344703	109617676	LOC105344703	20200521
105344706	105335261	LOC105344706	20200521
105344707	105344708	LOC105344707	20170203
105344709	105322633	LOC105344709	20240702
105344715	105344746	LOC105344715	20240702
105344733	105339494	LOC105344733	20200521
105344739	105344747	LOC105344739	20170203
105344741	105339494	LOC105344741	20200521
105344754	105344755	LOC105344754	20200521
105344756	105344755	LOC105344756	20200521
105344760	117686553	LOC105344760	20240702
105344761	117686554	LOC105344761	20240702
105344763	105339494	LOC105344763	20200521
105344767	105344768	LOC105344767	20170203
105344781	105327811	LOC105344781	20200521
105344786	105344788	LOC105344786	20200521
105344798	105331486	LOC105344798	20200521
105344810	105344839	LOC105344810	20200521
105344811	105344812	LOC105344811	20200521
105344818	105345671	LOC105344818	20240702
105344821	105344820	LOC105344821	20200521
105344837	105335415	LOC105344837	20240702
105344838	105317516	LOC105344838	20200521
105344841	105347407	LOC105344841	20240702
105344866	105344867	LOC105344866	20170203
105344870	105344863	LOC105344870	20200521
105344872	105344873	LOC105344872	20170203
105344874	117691461	LOC105344874	20240702
105344875	105344892	LOC105344875	20170203
105344876	105317958	LOC105344876	20240702
105344889	105327458	LOC105344889	20200521
105344894	105333861	LOC105344894	20200521
105344896	105337627	LOC105344896	20240702
105344897	117680381	LOC105344897	20240702
105344907	105322774	LOC105344907	20240702
105344908	105344909	LOC105344908	20200521
105344911	105334353	LOC105344911	20200521
105344914	105322737	LOC105344914	20200521
105344919	105322737	LOC105344919	20200521
105344921	117687586	LOC105344921	20240702
105344923	117687586	LOC105344923	20170203
105344927	105337617	LOC105344927	20200521
105344934	117682674	LOC105344934	20240702
105344952	105344953	LOC105344952	20200521
105344965	105344970	LOC105344965	20240702
105344966	109620838	LOC105344966	20200521
105344971	105335324	LOC105344971	20200521
105344992	105337045	LOC105344992	20200521
105345006	105345009	LOC105345006	20200521
105345021	117681437	LOC105345021	20240702
105345035	105345033	LOC105345035	20200521
105345036	117687557	LOC105345036	20240702
105345038	105344982	LOC105345038	20170203
105345045	105318268	LOC105345045	20200521
105345054	105345013	LOC105345054	20200521
105345063	105348773	LOC105345063	20200521
105345067	109618742	LOC105345067	20200521
105345070	105323382	LOC105345070	20200521
105345072	109617076	LOC105345072	20200521
105345083	117680308	LOC105345083	20240702
105345085	105334189	LOC105345085	20200521
105345090	117689287	LOC105345090	20240702
105345091	105317082	LOC105345091	20200521
105345104	105345100	LOC105345104	20200521
105345111	105342661	LOC105345111	20200521
105345112	105341000	LOC105345112	20240704
105345113	105338326	LOC105345113	20200521
105345115	105321190	LOC105345115	20200521
105345122	105338276	LOC105345122	20200521
105345131	105338276	LOC105345131	20200521
105345134	105317796	LOC105345134	20200521
105345144	105345109	LOC105345144	20200521
105345154	105335335	LOC105345154	20200521
105345171	105345172	LOC105345171	20240702
105345194	105332359	LOC105345194	20200521
105345225	117683706	LOC105345225	20240702
105345226	105333338	LOC105345226	20200521
105345235	117684367	LOC105345235	20240702
105345236	105342164	LOC105345236	20200521
105345238	105342533	LOC105345238	20200521
105345249	105320607	LOC105345249	20200521
105345259	105345250	LOC105345259	20200521
105345261	105346400	LOC105345261	20200521
105345264	105346400	LOC105345264	20200521
105345272	105348892	LOC105345272	20200521
105345276	105342642	LOC105345276	20240702
105345310	105345311	LOC105345310	20200521
105345322	105323398	LOC105345322	20200521
105345328	105318887	LOC105345328	20200521
105345346	105321856	LOC105345346	20200521
105345347	105345304	LOC105345347	20170203
105345349	105317700	LOC105345349	20200521
105345350	105345311	LOC105345350	20170203
105345365	105345364	LOC105345365	20170203
105345369	105345368	LOC105345369	20240702
105345383	105322280	LOC105345383	20240702
105345392	105321322	LOC105345392	20200521
105345397	109621042	LOC105345397	20200521
105345405	105333549	LOC105345405	20200521
105345411	105345414	LOC105345411	20240702
105345412	109617557	LOC105345412	20200521
105345418	109618978	LOC105345418	20240704
105345422	105319641	LOC105345422	20240704
105345431	105338756	LOC105345431	20200521
105345432	105337409	LOC105345432	20200521
105345435	105345446	LOC105345435	20200521
105345441	105345456	LOC105345441	20200521
105345444	105317691	LOC105345444	20200521
105345450	105331835	LOC105345450	20240702
105345453	105335390	LOC105345453	20200521
105345454	117688267	LOC105345454	20240702
105345460	109620881	LOC105345460	20200521
105345462	105325199	LOC105345462	20200521
105345465	105343517	LOC105345465	20200521
105345469	117688354	LOC105345469	20240702
105345472	105337790	LOC105345472	20200521
105345475	105347843	LOC105345475	20240702
105345489	105345490	LOC105345489	20200521
105345492	109617404	LOC105345492	20200521
105345504	105346861	LOC105345504	20200521
105345509	117687373	LOC105345509	20240702
105345514	105319523	LOC105345514	20200521
105345531	105345532	LOC105345531	20200521
105345536	105345526	LOC105345536	20200521
105345537	117680575	LOC105345537	20240702
105345539	105348811	LOC105345539	20240704
105345546	105348797	LOC105345546	20200521
105345558	105345554	LOC105345558	20240702
105345559	105318365	LOC105345559	20200521
105345561	105348008	LOC105345561	20200521
105345577	117690473	LOC105345577	20240702
105345578	105324232	LOC105345578	20170203
105345579	105324232	LOC105345579	20200521
105345580	105324232	LOC105345580	20170203
105345588	117682931	LOC105345588	20240702
105345595	105342568	LOC105345595	20200521
105345596	109619685	LOC105345596	20240702
105345614	105334699	LOC105345614	20240704
105345615	105345640	LOC105345615	20240702
105345616	105332090	LOC105345616	20240704
105345628	105325407	LOC105345628	20200521
105345630	105337834	LOC105345630	20240702
105345632	117686848	LOC105345632	20240702
105345635	109619685	LOC105345635	20170203
105345644	117685428	LOC105345644	20240702
105345650	105324065	LOC105345650	20200521
105345653	117690082	LOC105345653	20240702
105345656	117687205	LOC105345656	20240702
105345657	105334388	LOC105345657	20200521
105345669	105344922	LOC105345669	20240702
105345675	105332261	LOC105345675	20200521
105345711	117689519	LOC105345711	20240702
105345712	117680314	LOC105345712	20240702
105345714	105345642	LOC105345714	20200521
105345725	105324177	LOC105345725	20200521
105345732	105345733	LOC105345732	20170203
105345734	105343661	LOC105345734	20200521
105345739	105340635	LOC105345739	20200521
105345741	105345740	LOC105345741	20200521
105345748	105345749	LOC105345748	20200521
105345751	105323700	LOC105345751	20240702
105345753	109620921	LOC105345753	20200521
105345768	105317988	LOC105345768	20200521
105345773	117684660	LOC105345773	20240702
105345783	105345782	LOC105345783	20240704
105345802	105345807	LOC105345802	20170203
105345811	105345810	LOC105345811	20170203
105345823	105337461	LOC105345823	20200521
105345843	105345791	LOC105345843	20200521
105345846	105345801	LOC105345846	20240702
105345850	105338718	LOC105345850	20200521
105345854	105331211	LOC105345854	20240702
105345856	117682321	LOC105345856	20240702
105345860	105345859	LOC105345860	20240702
105345899	105324133	LOC105345899	20200521
105345965	105328396	LOC105345965	20200521
105345973	105345959	LOC105345973	20200521
105345985	105327631	LOC105345985	20200521
105345987	105328797	LOC105345987	20200521
105345990	105330109	LOC105345990	20240702
105345992	105331062	LOC105345992	20200521
105345999	105331732	LOC105345999	20240702
105346019	105346018	LOC105346019	20240702
105346020	105320746	LOC105346020	20200521
105346021	105346011	LOC105346021	20170203
105346034	105329201	LOC105346034	20240702
105346037	105326190	LOC105346037	20200521
105346038	105335860	LOC105346038	20200521
105346039	105330108	LOC105346039	20200521
105346041	105335714	LOC105346041	20200521
105346042	105335714	LOC105346042	20200521
105346043	105327718	LOC105346043	20200521
105346048	105323142	LOC105346048	20200521
105346057	105332482	LOC105346057	20200521
105346059	105337461	LOC105346059	20200521
105346060	105346051	LOC105346060	20200521
105346065	109617872	LOC105346065	20200521
105346075	105346079	LOC105346075	20170203
105346086	105317679	LOC105346086	20200521
105346094	105317965	LOC105346094	20200521
105346096	105346099	LOC105346096	20240702
105346108	117680564	LOC105346108	20170203
105346109	105336169	LOC105346109	20200521
105346112	105323380	LOC105346112	20200521
105346113	105323380	LOC105346113	20200521
105346122	105320498	LOC105346122	20200521
105346123	117680564	LOC105346123	20240702
105346125	105348811	LOC105346125	20200521
105346127	117684294	LOC105346127	20240702
105346128	117684298	LOC105346128	20240702
105346131	117684292	LOC105346131	20240702
105346134	105317965	LOC105346134	20200521
105346139	105346137	LOC105346139	20200521
105346150	117689065	LOC105346150	20240702
105346155	105346192	LOC105346155	20200521
105346156	105327380	LOC105346156	20200521
105346165	105337115	LOC105346165	20200521
105346172	117687597	LOC105346172	20240702
105346175	105346195	LOC105346175	20170203
105346188	105346200	LOC105346188	20170203
105346194	105339909	LOC105346194	20200521
105346202	105340273	LOC105346202	20200521
105346212	105319059	LOC105346212	20200521
105346215	105337209	LOC105346215	20200521
105346216	109617963	LOC105346216	20200521
105346217	105330583	LOC105346217	20200521
105346218	105348994	LOC105346218	20200521
105346224	105346222	LOC105346224	20200521
105346249	105340914	LOC105346249	20200521
105346256	117685517	LOC105346256	20240702
105346257	117685967	LOC105346257	20240702
105346272	105346271	LOC105346272	20240702
105346286	105344625	LOC105346286	20200521
105346287	105344650	LOC105346287	20200521
105346288	105344650	LOC105346288	20200521
105346289	105346276	LOC105346289	20200521
105346299	105328768	LOC105346299	20200521
105346302	105320381	LOC105346302	20200521
105346304	105320380	LOC105346304	20200521
105346305	105320379	LOC105346305	20200521
105346309	105323946	LOC105346309	20200521
105346318	105346320	LOC105346318	20170203
105346319	105346320	LOC105346319	20170203
105346327	109617677	LOC105346327	20200521
105346331	117693018	LOC105346331	20240704
105346333	117685660	LOC105346333	20240702
105346335	105346336	LOC105346335	20170203
105346340	105346339	LOC105346340	20200521
105346353	105328451	LOC105346353	20200521
105346359	117680692	LOC105346359	20240702
105346361	105324082	LOC105346361	20200521
105346363	105343430	LOC105346363	20200521
105346377	109621014	LOC105346377	20200521
105346379	117686276	LOC105346379	20240702
105346380	117686279	LOC105346380	20240702
105346383	105345402	LOC105346383	20200521
105346389	105322873	LOC105346389	20240702
105346398	105338185	LOC105346398	20200521
105346401	105346545	LOC105346401	20200521
105346402	105346544	LOC105346402	20200521
105346406	105331535	LOC105346406	20200521
105346407	105347723	LOC105346407	20200521
105346408	117689867	LOC105346408	20240704
105346414	105346415	LOC105346414	20200521
105346416	105339909	LOC105346416	20200521
105346423	105346223	LOC105346423	20170203
105346427	117692425	LOC105346427	20240702
105346432	105348010	LOC105346432	20200521
105346436	105342260	LOC105346436	20200521
105346437	105338047	LOC105346437	20200521
105346448	105339804	LOC105346448	20240702
105346454	105332793	LOC105346454	20200521
105346455	105346456	LOC105346455	20200521
105346457	105346447	LOC105346457	20170203
105346458	117682855	LOC105346458	20240704
105346461	105332793	LOC105346461	20200521
105346466	105321951	LOC105346466	20200521
105346480	105335853	LOC105346480	20200521
105346491	105336689	LOC105346491	20200521
105346501	105341065	LOC105346501	20200521
105346510	117685515	LOC105346510	20240702
105346511	105321951	LOC105346511	20200521
105346512	105335759	LOC105346512	20200521
105346527	117693159	LOC105346527	20240702
105346532	105345767	LOC105346532	20200521
105346533	105329708	LOC105346533	20200521
105346539	105346045	LOC105346539	20200521
105346540	105346806	LOC105346540	20200521
105346547	105320283	LOC105346547	20200521
105346551	117682149	LOC105346551	20240702
105346553	105346541	LOC105346553	20170203
105346583	105346598	LOC105346583	20170203
105346584	105346585	LOC105346584	20170203
105346592	105348491	LOC105346592	20200521
105346594	105346575	LOC105346594	20200521
105346596	105319839	LOC105346596	20200521
105346599	105346585	LOC105346599	20170203
105346600	105333363	LOC105346600	20200521
105346601	105333364	LOC105346601	20200521
105346604	105319642	LOC105346604	20200521
105346606	105331900	LOC105346606	20240702
105346633	117687913	LOC105346633	20240702
105346634	117687912	LOC105346634	20240702
105346639	105346643	LOC105346639	20170203
105346641	117688025	LOC105346641	20240702
105346664	105348838	LOC105346664	20200521
105346665	105348825	LOC105346665	20200521
105346668	105347188	LOC105346668	20200521
105346673	105340914	LOC105346673	20200521
105346686	105328371	LOC105346686	20200521
105346689	105346838	LOC105346689	20200521
105346690	105319997	LOC105346690	20200521
105346708	105346707	LOC105346708	20200521
105346710	105345667	LOC105346710	20200521
105346712	105327119	LOC105346712	20200521
105346716	105327120	LOC105346716	20200521
105346735	109620516	LOC105346735	20200521
105346736	105328433	LOC105346736	20240702
105346740	105343789	LOC105346740	20200521
105346751	105328044	LOC105346751	20200521
105346755	117692625	LOC105346755	20240702
105346756	117684383	LOC105346756	20240704
105346784	105346773	LOC105346784	20200521
105346785	105330132	LOC105346785	20200521
105346786	105337287	LOC105346786	20200521
105346793	117688742	LOC105346793	20240704
105346794	105339605	LOC105346794	20200521
105346798	105346799	LOC105346798	20170203
105346804	105319811	LOC105346804	20200521
105346805	105344498	LOC105346805	20240702
105346807	105346541	LOC105346807	20200521
105346815	109620779	LOC105346815	20240704
105346820	105327058	LOC105346820	20240702
105346822	105346811	LOC105346822	20170203
105346825	105327058	LOC105346825	20200521
105346826	105346830	LOC105346826	20200521
105346828	105334277	LOC105346828	20200521
105346831	105326468	LOC105346831	20200521
105346832	117692476	LOC105346832	20240702
105346842	105346843	LOC105346842	20240702
105346859	105325314	LOC105346859	20200521
105346860	105346878	LOC105346860	20240702
105346864	105343388	LOC105346864	20200521
105346865	105327345	LOC105346865	20200521
105346872	109621052	LOC105346872	20200521
105346884	105343122	LOC105346884	20200521
105346891	105318278	LOC105346891	20200521
105346892	105318277	LOC105346892	20200521
105346895	105346886	LOC105346895	20200521
105346916	105347626	LOC105346916	20240702
105346917	117692569	LOC105346917	20240702
105346931	117692569	LOC105346931	20240702
105346935	105346934	LOC105346935	20170203
105346936	105318038	LOC105346936	20200521
105346940	105346946	LOC105346940	20200521
105346944	105326888	LOC105346944	20200521
105346953	105323811	LOC105346953	20200521
105346954	105323811	LOC105346954	20200521
105346969	105328086	LOC105346969	20200521
105346982	117685315	LOC105346982	20240702
105346996	105335896	LOC105346996	20200521
105347017	105333137	LOC105347017	20200521
105347033	117687285	LOC105347033	20240702
105347046	105319850	LOC105347046	20200521
105347047	105325299	LOC105347047	20200521
105347048	109618374	LOC105347048	20200521
105347049	105325329	LOC105347049	20200521
105347069	105347068	LOC105347069	20170203
105347073	105347076	LOC105347073	20240702
105347093	105347092	LOC105347093	20200521
105347099	105347113	LOC105347099	20200521
105347103	105331984	LOC105347103	20200521
105347111	105347115	LOC105347111	20200521
105347112	105347059	LOC105347112	20200521
105347117	105330801	LOC105347117	20200521
105347126	105317714	LOC105347126	20200521
105347130	105344685	LOC105347130	20200521
105347133	105333969	LOC105347133	20200521
105347187	105336801	LOC105347187	20200521
105347189	105347153	LOC105347189	20170203
105347196	117686417	LOC105347196	20240702
105347213	105347215	LOC105347213	20170203
105347222	105326032	LOC105347222	20240702
105347223	105337115	LOC105347223	20200521
105347224	105347234	LOC105347224	20170203
105347227	105339398	LOC105347227	20200521
105347228	105344558	LOC105347228	20200521
105347241	117688357	LOC105347241	20240702
105347247	105330979	LOC105347247	20200521
105347249	105347252	LOC105347249	20200521
105347260	105347262	LOC105347260	20170203
105347270	105339941	LOC105347270	20200521
105347271	105345132	LOC105347271	20200521
105347293	105330234	LOC105347293	20200521
105347322	105326670	LOC105347322	20200521
105347324	105343724	LOC105347324	20200521
105347325	117687376	LOC105347325	20240702
105347326	105324356	LOC105347326	20200521
105347328	105347327	LOC105347328	20170203
105347329	105347331	LOC105347329	20200521
105347330	105335567	LOC105347330	20200521
105347349	105346762	LOC105347349	20240702
105347357	105347394	LOC105347357	20170203
105347369	105346343	LOC105347369	20200521
105347402	105335184	LOC105347402	20200521
105347405	105318011	LOC105347405	20200521
105347416	105338190	LOC105347416	20200521
105347419	105339504	LOC105347419	20200521
105347420	105338192	LOC105347420	20200521
105347427	105328200	LOC105347427	20200521
105347436	105320068	LOC105347436	20200521
105347446	105344615	LOC105347446	20200521
105347462	105347480	LOC105347462	20170203
105347478	105347453	LOC105347478	20240702
105347483	105347472	LOC105347483	20170203
105347485	105326319	LOC105347485	20200521
105347488	105332682	LOC105347488	20200521
105347490	105332689	LOC105347490	20200521
105347491	105339947	LOC105347491	20200521
105347493	105344138	LOC105347493	20200521
105347494	105329316	LOC105347494	20200521
105347495	105329313	LOC105347495	20200521
105347502	105347501	LOC105347502	20170203
105347508	117682756	LOC105347508	20240702
105347509	117682755	LOC105347509	20240702
105347513	105347512	LOC105347513	20170203
105347514	105347516	LOC105347514	20200521
105347526	105339591	LOC105347526	20200521
105347528	105324349	LOC105347528	20200521
105347530	105329191	LOC105347530	20200521
105347533	105332910	LOC105347533	20200521
105347534	109619925	LOC105347534	20240702
105347551	105336135	LOC105347551	20200521
105347552	105347553	LOC105347552	20200521
105347557	105332549	LOC105347557	20200521
105347564	109618716	LOC105347564	20200521
105347574	105320800	LOC105347574	20240702
105347575	117691465	LOC105347575	20240704
105347577	105323021	LOC105347577	20200521
105347582	105345645	LOC105347582	20200521
105347586	105347587	LOC105347586	20170203
105347592	109618716	LOC105347592	20200521
105347594	117690759	LOC105347594	20240702
105347598	105347601	LOC105347598	20200521
105347603	105347601	LOC105347603	20170203
105347606	105347604	LOC105347606	20240702
105347607	117682947	LOC105347607	20240702
105347614	105348540	LOC105347614	20200521
105347619	117683048	LOC105347619	20240704
105347627	105328260	LOC105347627	20240702
105347628	105327689	LOC105347628	20200521
105347630	105324292	LOC105347630	20200521
105347637	105318374	LOC105347637	20200521
105347641	105338766	LOC105347641	20200521
105347646	105327415	LOC105347646	20240704
105347652	105332134	LOC105347652	20200521
105347654	105332134	LOC105347654	20200521
105347682	105347699	LOC105347682	20240702
105347696	105331976	LOC105347696	20200521
105347717	105319237	LOC105347717	20200521
105347724	105344514	LOC105347724	20200521
105347755	105337581	LOC105347755	20200521
105347758	105341853	LOC105347758	20200521
105347759	105347766	LOC105347759	20170203
105347770	105347767	LOC105347770	20200521
105347782	105334969	LOC105347782	20200521
105347789	105347762	LOC105347789	20200521
105347791	105347767	LOC105347791	20170203
105347795	105347799	LOC105347795	20170203
105347797	109619426	LOC105347797	20240702
105347813	117681177	LOC105347813	20240702
105347825	105347443	LOC105347825	20200521
105347827	105347824	LOC105347827	20200521
105347832	105335157	LOC105347832	20200521
105347834	105347836	LOC105347834	20170203
105347838	105317280	LOC105347838	20200521
105347841	105322589	LOC105347841	20200521
105347842	105348674	LOC105347842	20200521
105347844	105332837	LOC105347844	20200521
105347849	105321880	LOC105347849	20200521
105347850	105336439	LOC105347850	20240702
105347853	105336415	LOC105347853	20200521
105347854	105347836	LOC105347854	20170203
105347856	105347768	LOC105347856	20240702
105347859	109619637	LOC105347859	20240702
105347866	105339660	LOC105347866	20200521
105347870	105347871	LOC105347870	20240702
105347879	117686218	LOC105347879	20240702
105347883	105317288	LOC105347883	20200521
105347885	105345640	LOC105347885	20200521
105347900	105347903	LOC105347900	20240702
105347907	117683277	LOC105347907	20240702
105347912	105347911	LOC105347912	20200521
105347920	105339049	LOC105347920	20200521
105347940	105321718	LOC105347940	20200521
105347971	105323449	LOC105347971	20200521
105347976	105322750	LOC105347976	20200521
105347982	117681819	LOC105347982	20240702
105347987	109621166	LOC105347987	20200521
105347988	105348318	LOC105347988	20200521
105347992	105347991	LOC105347992	20170203
105348013	105328276	LOC105348013	20200521
105348016	105325440	LOC105348016	20240702
105348022	117686931	LOC105348022	20240702
105348037	117680642	LOC105348037	20240702
105348052	105322241	LOC105348052	20200521
105348056	105340436	LOC105348056	20200521
105348057	117688268	LOC105348057	20240702
105348067	105330536	LOC105348067	20200521
105348087	105348202	LOC105348087	20170203
105348094	105348115	LOC105348094	20200521
105348101	117687631	LOC105348101	20240702
105348107	105348109	LOC105348107	20170203
105348111	105348121	LOC105348111	20200521
105348114	105344168	LOC105348114	20200521
105348116	105321795	LOC105348116	20240702
105348119	117690155	LOC105348119	20240702
105348122	105333483	LOC105348122	20240702
105348123	117683940	LOC105348123	20240702
105348145	105340430	LOC105348145	20200521
105348147	105348151	LOC105348147	20170203
105348157	105348187	LOC105348157	20200521
105348176	105348175	LOC105348176	20200521
105348185	105348160	LOC105348185	20240704
105348189	105348172	LOC105348189	20170203
105348194	105322930	LOC105348194	20200521
105348201	105344409	LOC105348201	20200521
105348210	105348205	LOC105348210	20240702
105348214	105330147	LOC105348214	20200521
105348216	117684251	LOC105348216	20240702
105348218	105331246	LOC105348218	20200521
105348220	117691395	LOC105348220	20240702
105348221	117691396	LOC105348221	20240702
105348223	105334675	LOC105348223	20200521
105348233	117693078	LOC105348233	20240702
105348245	105346589	LOC105348245	20240704
105348248	105347794	LOC105348248	20200521
105348259	105342777	LOC105348259	20200521
105348261	109621215	LOC105348261	20200521
105348263	117681429	LOC105348263	20240702
105348269	105340360	LOC105348269	20200521
105348275	105323897	LOC105348275	20200521
105348280	105348287	LOC105348280	20170203
105348288	105348281	LOC105348288	20200521
105348290	105329700	LOC105348290	20200521
105348298	105328715	LOC105348298	20240702
105348321	105337250	LOC105348321	20200521
105348323	105335148	LOC105348323	20200521
105348330	105319325	LOC105348330	20200521
105348331	105320567	LOC105348331	20200521
105348333	105319325	LOC105348333	20200521
105348334	105347836	LOC105348334	20200521
105348336	105348335	LOC105348336	20170203
105348337	105317102	LOC105348337	20200521
105348345	105325672	LOC105348345	20200521
105348358	105335158	LOC105348358	20200521
105348360	105332818	LOC105348360	20240702
105348361	105317654	LOC105348361	20200521
105348362	105337080	LOC105348362	20200521
105348363	105347670	LOC105348363	20240702
105348366	105333823	LOC105348366	20200521
105348368	105325590	LOC105348368	20200521
105348369	105325592	LOC105348369	20200521
105348371	105320220	LOC105348371	20200521
105348379	109617123	LOC105348379	20200521
105348390	105348389	LOC105348390	20200521
105348406	105335373	LOC105348406	20200521
105348411	105322753	LOC105348411	20200521
105348416	105338876	LOC105348416	20240702
105348417	105339165	LOC105348417	20200521
105348421	105341443	LOC105348421	20200521
105348427	117688273	LOC105348427	20240702
105348428	117692634	LOC105348428	20240704
105348431	105348523	LOC105348431	20240704
105348434	105348525	LOC105348434	20170203
105348442	105348492	LOC105348442	20200521
105348445	105347819	LOC105348445	20200521
105348446	105347820	LOC105348446	20200521
105348448	105344010	LOC105348448	20200521
105348457	105348461	LOC105348457	20200521
105348468	105326548	LOC105348468	20240702
105348469	105324488	LOC105348469	20200521
105348473	105348531	LOC105348473	20170203
105348478	105332449	LOC105348478	20200521
105348493	105348490	LOC105348493	20200521
105348522	105322450	LOC105348522	20200521
105348524	117681796	LOC105348524	20240702
105348533	105323783	LOC105348533	20200521
105348535	105327578	LOC105348535	20200521
105348548	105348547	LOC105348548	20170203
105348549	105346656	LOC105348549	20200521
105348551	105348547	LOC105348551	20200521
105348552	105327079	LOC105348552	20200521
105348564	105320775	LOC105348564	20200521
105348572	105331851	LOC105348572	20200521
105348574	105317366	LOC105348574	20200521
105348586	105323144	LOC105348586	20200521
105348589	105348588	LOC105348589	20200521
105348592	105343468	LOC105348592	20200521
105348593	105320569	LOC105348593	20200521
105348602	105333849	LOC105348602	20200521
105348607	105346303	LOC105348607	20200521
105348620	117680510	LOC105348620	20240702
105348622	105324339	LOC105348622	20200521
105348631	117682500	LOC105348631	20240702
105348640	105323364	LOC105348640	20200521
105348656	105335239	LOC105348656	20240702
105348657	105348646	LOC105348657	20170203
105348664	105348655	LOC105348664	20200521
105348668	105345806	LOC105348668	20200521
105348678	105342443	LOC105348678	20200521
105348679	105348643	LOC105348679	20240704
105348683	117689670	LOC105348683	20240704
105348688	109617162	LOC105348688	20200521
105348689	105332839	LOC105348689	20200521
105348690	105332671	LOC105348690	20200521
105348691	105348643	LOC105348691	20170203
105348697	105348694	LOC105348697	20200521
105348701	105349010	LOC105348701	20200521
105348707	105320461	LOC105348707	20200521
105348708	105346986	LOC105348708	20200521
105348709	105335020	LOC105348709	20240702
105348712	105343927	LOC105348712	20200521
105348715	105321916	LOC105348715	20200521
105348717	117681554	LOC105348717	20240702
105348720	117681553	LOC105348720	20240702
105348727	117687248	LOC105348727	20240702
105348734	105348733	LOC105348734	20200521
105348736	105338964	LOC105348736	20200521
105348740	117681039	LOC105348740	20240702
105348743	105348718	LOC105348743	20200521
105348745	105348747	LOC105348745	20200521
105348756	105341844	LOC105348756	20200521
105348757	105338388	LOC105348757	20200521
105348760	105338383	LOC105348760	20200521
105348761	105343928	LOC105348761	20200521
105348762	105318551	LOC105348762	20240702
105348763	117681553	LOC105348763	20170203
105348768	105321795	LOC105348768	20200521
105348769	105331028	LOC105348769	20200521
105348787	105331104	LOC105348787	20200521
105348789	105331105	LOC105348789	20200521
105348794	105347568	LOC105348794	20200521
105348804	105348807	LOC105348804	20200521
105348815	105348805	LOC105348815	20200521
105348816	105337198	LOC105348816	20240702
105348819	105326612	LOC105348819	20200521
105348821	105345667	LOC105348821	20200521
105348827	109617183	LOC105348827	20200521
105348831	105330465	LOC105348831	20200521
105348834	105317425	LOC105348834	20200521
105348839	105332046	LOC105348839	20200521
105348840	105325660	LOC105348840	20240702
105348849	105331426	LOC105348849	20200521
105348858	105343267	LOC105348858	20240702
105348861	105344269	LOC105348861	20200521
105348872	105329795	LOC105348872	20240704
105348886	105348885	LOC105348886	20200521
105348893	105318885	LOC105348893	20200521
105348894	105348899	LOC105348894	20170203
105348895	117680318	LOC105348895	20240702
105348897	105337234	LOC105348897	20200521
105348901	105348902	LOC105348901	20170203
105348904	105348903	LOC105348904	20200521
105348910	105348909	LOC105348910	20170203
105348919	105337639	LOC105348919	20200521
105348920	105348909	LOC105348920	20170203
105348922	105341364	LOC105348922	20200521
105348926	105319178	LOC105348926	20200521
105348934	105348940	LOC105348934	20200521
105348937	105348936	LOC105348937	20170203
105348939	105335918	LOC105348939	20200521
105348942	109619317	LOC105348942	20200521
105348948	105326231	LOC105348948	20200521
105348966	105334145	LOC105348966	20200521
105348969	105342829	LOC105348969	20200521
105348970	105340025	LOC105348970	20200521
105348971	105318079	LOC105348971	20200521
105348972	105321667	LOC105348972	20200521
105348978	105330896	LOC105348978	20240702
105348991	105336437	LOC105348991	20200521
105348992	105318521	LOC105348992	20170203
105348997	105318521	LOC105348997	20200521
105348999	105344673	LOC105348999	20200521
105349000	105349012	LOC105349000	20240702
105349007	105331932	LOC105349007	20200521
105349014	105339917	LOC105349014	20200521
105349027	105349028	LOC105349027	20200521
105349036	105349038	LOC105349036	20240702
105349040	105349039	LOC105349040	20200521
105349050	105348811	LOC105349050	20200521
105349053	109617191	LOC105349053	20240702
105349086	105349072	LOC105349086	20170203
105349095	105328373	LOC105349095	20200521
105349096	105348103	LOC105349096	20200521
105349097	105344777	LOC105349097	20200521
105349100	105321665	LOC105349100	20240702
105349104	105349111	LOC105349104	20200521
105349107	105348103	LOC105349107	20200521
105349108	105344777	LOC105349108	20170203
105349113	105345300	LOC105349113	20200521
105349114	105328797	LOC105349114	20200521
105349116	105333505	LOC105349116	20200521
105349147	117688116	LOC105349147	20170203
105349148	117688116	LOC105349148	20240702
105349150	105325698	LOC105349150	20200521
105349162	105317263	LOC105349162	20200521
105349170	105346488	LOC105349170	20200521
105349176	105332273	LOC105349176	20200521
105349177	105323517	LOC105349177	20200521
105349184	117684554	LOC105349184	20240702
105349189	105349194	LOC105349189	20200521
105349191	105349193	LOC105349191	20200521
105349197	105317257	LOC105349197	20200521
105349198	105347238	LOC105349198	20200521
105349208	105330300	LOC105349208	20200521
105349217	105348472	LOC105349217	20200521
109617039	105323478	LOC109617039	20200521
109617046	117681664	LOC109617046	20240702
109617048	105333812	LOC109617048	20200521
109617055	117681621	LOC109617055	20240702
109617061	105317843	LOC109617061	20200521
109617063	105325094	LOC109617063	20200521
109617065	105341844	LOC109617065	20200521
109617069	105331963	LOC109617069	20200521
109617072	105339863	LOC109617072	20200521
109617075	105333658	LOC109617075	20200521
109617079	105347211	LOC109617079	20200521
109617081	105333638	LOC109617081	20240704
109617082	117691902	LOC109617082	20240704
109617085	105334836	LOC109617085	20200521
109617087	105339438	LOC109617087	20200521
109617090	105346449	LOC109617090	20240702
109617091	105334919	LOC109617091	20200521
109617096	105345552	LOC109617096	20200521
109617097	105339804	LOC109617097	20240702
109617103	105334138	LOC109617103	20200521
109617104	105337035	LOC109617104	20200521
109617107	105326216	LOC109617107	20200521
109617110	105343342	LOC109617110	20200521
109617112	105322179	LOC109617112	20240702
109617116	105328443	LOC109617116	20200521
109617125	117684337	LOC109617125	20240702
109617127	117683596	LOC109617127	20240702
109617141	105348554	LOC109617141	20200521
109617148	117682898	LOC109617148	20240702
109617166	105340170	LOC109617166	20200521
109617168	105323899	LOC109617168	20200521
109617171	105338383	LOC109617171	20200521
109617175	105333370	LOC109617175	20200521
109617177	109619985	LOC109617177	20240702
109617182	109617183	LOC109617182	20200521
109617190	105348382	LOC109617190	20200521
109617193	109618943	LOC109617193	20200521
109617198	105338056	LOC109617198	20200521
109617200	105324791	LOC109617200	20200521
109617211	117686650	LOC109617211	20240702
109617212	105317207	LOC109617212	20240702
109617214	105349018	LOC109617214	20240702
109617229	105340965	LOC109617229	20200521
109617230	105349227	LOC109617230	20200521
109617232	105317695	LOC109617232	20240704
109617234	105319503	LOC109617234	20200521
109617246	105335158	LOC109617246	20200521
109617247	105317266	LOC109617247	20200521
109617257	105339272	LOC109617257	20240702
109617260	105330863	LOC109617260	20200521
109617274	105317444	LOC109617274	20200521
109617275	105317436	LOC109617275	20200521
109617276	105317526	LOC109617276	20200521
109617280	105317487	LOC109617280	20200521
109617285	105317548	LOC109617285	20200521
109617287	105344080	LOC109617287	20200521
109617290	117680301	LOC109617290	20240702
109617297	109617294	LOC109617297	20200521
109617301	105326470	LOC109617301	20200521
109617305	105318891	LOC109617305	20200521
109617307	109618335	LOC109617307	20200521
109617321	105337019	LOC109617321	20200521
109617323	117680495	LOC109617323	20240702
109617332	105317892	LOC109617332	20200521
109617336	117683106	LOC109617336	20240702
109617340	105317965	LOC109617340	20200521
109617344	105343022	LOC109617344	20200521
109617350	105318074	LOC109617350	20200521
109617351	105338239	LOC109617351	20200521
109617358	105317551	LOC109617358	20200521
109617359	105337511	LOC109617359	20200521
109617360	105318183	LOC109617360	20240702
109617378	105341924	LOC109617378	20240702
109617382	117691961	LOC109617382	20240702
109617408	105325183	LOC109617408	20240702
109617413	109617414	LOC109617413	20200521
109617416	105334301	LOC109617416	20200521
109617418	105345047	LOC109617418	20200521
109617430	105318750	LOC109617430	20200521
109617433	105318826	LOC109617433	20200521
109617438	105327890	LOC109617438	20200521
109617442	105329632	LOC109617442	20200521
109617443	105318873	LOC109617443	20200521
109617445	105347599	LOC109617445	20200521
109617454	105345174	LOC109617454	20200521
109617456	105318954	LOC109617456	20200521
109617457	105322507	LOC109617457	20200521
109617469	105319076	LOC109617469	20200521
109617496	105323709	LOC109617496	20200521
109617503	105325069	LOC109617503	20200521
109617506	105323974	LOC109617506	20200521
109617508	105322934	LOC109617508	20200521
109617513	105319138	LOC109617513	20200521
109617514	105319309	LOC109617514	20200521
109617516	105342606	LOC109617516	20200521
109617521	109618445	LOC109617521	20240702
109617525	105325708	LOC109617525	20200521
109617529	117691961	LOC109617529	20240702
109617537	105332672	LOC109617537	20200521
109617546	105319572	LOC109617546	20200521
109617547	105329080	LOC109617547	20200521
109617549	109617550	LOC109617549	20240702
109617564	105321728	LOC109617564	20200521
109617566	105320175	LOC109617566	20240702
109617568	105335819	LOC109617568	20200521
109617569	105319746	LOC109617569	20200521
109617570	105319747	LOC109617570	20200521
109617572	105349003	LOC109617572	20200521
109617582	105323231	LOC109617582	20200521
109617583	105323131	LOC109617583	20200521
109617596	105320029	LOC109617596	20200521
109617597	105320050	LOC109617597	20200521
109617607	105320193	LOC109617607	20200521
109617612	117689826	LOC109617612	20240702
109617616	105320192	LOC109617616	20200521
109617635	105320278	LOC109617635	20240702
109617640	105341280	LOC109617640	20200521
109617645	105318594	LOC109617645	20200521
109617648	117683238	LOC109617648	20240702
109617657	105344538	LOC109617657	20200521
109617661	105323960	LOC109617661	20200521
109617665	105345503	LOC109617665	20240702
109617671	105320565	LOC109617671	20200521
109617673	117692793	LOC109617673	20240702
109617678	105342707	LOC109617678	20200521
109617685	105333986	LOC109617685	20200521
109617692	105321354	LOC109617692	20200521
109617695	105327216	LOC109617695	20200521
109617699	109617704	LOC109617699	20200521
109617701	105320854	LOC109617701	20200521
109617707	105341648	LOC109617707	20200521
109617712	105329443	LOC109617712	20240702
109617718	105337411	LOC109617718	20200521
109617734	105320988	LOC109617734	20200521
109617745	117690178	LOC109617745	20240702
109617758	109617765	LOC109617758	20200521
109617760	117685870	LOC109617760	20240702
109617779	105326409	LOC109617779	20200521
109617780	117680642	LOC109617780	20240704
109617786	105326842	LOC109617786	20200521
109617792	105322976	LOC109617792	20200521
109617799	105326468	LOC109617799	20200521
109617813	105320823	LOC109617813	20200521
109617815	105318528	LOC109617815	20200521
109617826	105321673	LOC109617826	20200521
109617830	105323561	LOC109617830	20200521
109617833	105322104	LOC109617833	20200521
109617838	117693144	LOC109617838	20240702
109617841	105321784	LOC109617841	20240702
109617842	105337457	LOC109617842	20200521
109617844	105317366	LOC109617844	20200521
109617856	105330924	LOC109617856	20200521
109617861	105321916	LOC109617861	20200521
109617868	105329824	LOC109617868	20200521
109617880	105348338	LOC109617880	20200521
109617883	105322737	LOC109617883	20200521
109617891	105340813	LOC109617891	20200521
109617894	105330479	LOC109617894	20200521
109617900	105326409	LOC109617900	20240702
109617912	105347408	LOC109617912	20200521
109617915	105323937	LOC109617915	20240702
109617928	105322504	LOC109617928	20200521
109617943	109617505	LOC109617943	20240704
109617944	105322728	LOC109617944	20200521
109617951	117680512	LOC109617951	20240702
109617953	117685789	LOC109617953	20240702
109617955	105335424	LOC109617955	20200521
109617958	105322773	LOC109617958	20200521
109617969	109618939	LOC109617969	20240702
109617973	117681705	LOC109617973	20240702
109617976	105322871	LOC109617976	20200521
109617983	105322914	LOC109617983	20200521
109617988	105323009	LOC109617988	20200521
109617989	109618148	LOC109617989	20200521
109617996	105319363	LOC109617996	20240702
109617999	105333798	LOC109617999	20200521
109618000	117682919	LOC109618000	20240702
109618011	105327732	LOC109618011	20200521
109618021	117691145	LOC109618021	20240702
109618022	105318787	LOC109618022	20200521
109618024	105323303	LOC109618024	20200521
109618037	105324092	LOC109618037	20240702
109618040	105329932	LOC109618040	20200521
109618045	105327490	LOC109618045	20200521
109618046	105338672	LOC109618046	20200521
109618047	105325181	LOC109618047	20200521
109618049	105340054	LOC109618049	20200521
109618050	105344152	LOC109618050	20200521
109618052	105341401	LOC109618052	20200521
109618054	105338206	LOC109618054	20200521
109618057	105342749	LOC109618057	20200521
109618060	105340184	LOC109618060	20200521
109618061	105333961	LOC109618061	20200521
109618062	109619690	LOC109618062	20200521
109618065	109617354	LOC109618065	20200521
109618067	105331327	LOC109618067	20200521
109618091	109618092	LOC109618091	20200521
109618098	105323707	LOC109618098	20200521
109618099	105323707	LOC109618099	20200521
109618109	105336218	LOC109618109	20200521
109618112	105326194	LOC109618112	20200521
109618129	109619000	LOC109618129	20200521
109618133	105344265	LOC109618133	20200521
109618135	105342252	LOC109618135	20200521
109618138	105322008	LOC109618138	20240702
109618140	105322976	LOC109618140	20200521
109618142	105330263	LOC109618142	20200521
109618143	117681441	LOC109618143	20240702
109618147	105338181	LOC109618147	20240702
109618149	105341965	LOC109618149	20200521
109618156	105336432	LOC109618156	20200521
109618157	105347760	LOC109618157	20200521
109618162	105322527	LOC109618162	20200521
109618165	105324366	LOC109618165	20200521
109618168	105340984	LOC109618168	20200521
109618179	105331371	LOC109618179	20200521
109618181	105331582	LOC109618181	20200521
109618205	105338310	LOC109618205	20200521
109618208	117686192	LOC109618208	20240702
109618212	105325133	LOC109618212	20200521
109618243	105335833	LOC109618243	20200521
109618248	105339516	LOC109618248	20240702
109618249	105322144	LOC109618249	20200521
109618256	105324538	LOC109618256	20200521
109618257	105325056	LOC109618257	20200521
109618261	109620438	LOC109618261	20240702
109618266	109620875	LOC109618266	20200521
109618267	105341514	LOC109618267	20200521
109618268	105324589	LOC109618268	20240702
109618275	105324675	LOC109618275	20240702
109618285	105323852	LOC109618285	20200521
109618291	105320943	LOC109618291	20200521
109618295	105325111	LOC109618295	20240702
109618298	105337296	LOC109618298	20200521
109618300	105324577	LOC109618300	20200521
109618315	117682678	LOC109618315	20240702
109618316	105318286	LOC109618316	20200521
109618318	105324918	LOC109618318	20200521
109618320	105324960	LOC109618320	20200521
109618322	105318286	LOC109618322	20200521
109618324	105324956	LOC109618324	20200521
109618327	105318787	LOC109618327	20200521
109618333	105346576	LOC109618333	20200521
109618337	105325026	LOC109618337	20200521
109618339	105325039	LOC109618339	20200521
109618354	105325138	LOC109618354	20200521
109618355	105325208	LOC109618355	20200521
109618358	105325189	LOC109618358	20200521
109618370	105342368	LOC109618370	20200521
109618372	105325227	LOC109618372	20200521
109618373	105336437	LOC109618373	20200521
109618377	105326716	LOC109618377	20200521
109618379	105330736	LOC109618379	20240704
109618381	117686843	LOC109618381	20240702
109618394	117680610	LOC109618394	20240702
109618399	105325455	LOC109618399	20200521
109618400	105325461	LOC109618400	20200521
109618404	117685311	LOC109618404	20240702
109618413	109619435	LOC109618413	20200521
109618418	117688612	LOC109618418	20240702
109618425	117685503	LOC109618425	20240702
109618426	105318787	LOC109618426	20200521
109618459	105320910	LOC109618459	20200521
109618463	109618048	LOC109618463	20200521
109618465	105343776	LOC109618465	20200521
109618468	105334808	LOC109618468	20200521
109618469	109618227	LOC109618469	20200521
109618471	105326096	LOC109618471	20240702
109618473	105326091	LOC109618473	20200521
109618479	105338442	LOC109618479	20200521
109618488	117689419	LOC109618488	20240702
109618489	105326219	LOC109618489	20200521
109618494	117689334	LOC109618494	20240704
109618506	109618505	LOC109618506	20240702
109618530	105326423	LOC109618530	20200521
109618531	105326424	LOC109618531	20200521
109618541	105332746	LOC109618541	20200521
109618545	105320680	LOC109618545	20200521
109618554	105326666	LOC109618554	20240704
109618555	105328057	LOC109618555	20200521
109618556	105322531	LOC109618556	20200521
109618560	105326666	LOC109618560	20200521
109618572	105342164	LOC109618572	20200521
109618579	105324241	LOC109618579	20200521
109618580	105337823	LOC109618580	20200521
109618581	105337823	LOC109618581	20200521
109618593	117683642	LOC109618593	20240702
109618598	105336665	LOC109618598	20240702
109618606	105333962	LOC109618606	20200521
109618607	105333790	LOC109618607	20240702
109618624	105327153	LOC109618624	20200521
109618638	105327302	LOC109618638	20200521
109618651	105327355	LOC109618651	20240702
109618653	105327407	LOC109618653	20240702
109618667	105338984	LOC109618667	20200521
109618688	105339637	LOC109618688	20200521
109618690	105327662	LOC109618690	20200521
109618701	105327769	LOC109618701	20200521
109618705	105319560	LOC109618705	20200521
109618710	105327891	LOC109618710	20240702
109618711	117691398	LOC109618711	20240702
109618712	105319607	LOC109618712	20240702
109618717	105327950	LOC109618717	20200521
109618723	105336697	LOC109618723	20200521
109618726	105328229	LOC109618726	20200521
109618735	105328081	LOC109618735	20200521
109618740	117689339	LOC109618740	20240702
109618746	105330478	LOC109618746	20200521
109618758	105328254	LOC109618758	20200521
109618762	105335215	LOC109618762	20200521
109618767	105328272	LOC109618767	20200521
109618783	117681289	LOC109618783	20240704
109618787	105344245	LOC109618787	20240704
109618788	109619606	LOC109618788	20200521
109618791	105328553	LOC109618791	20200521
109618792	105333180	LOC109618792	20200521
109618804	105329888	LOC109618804	20200521
109618805	105328608	LOC109618805	20200521
109618808	105346656	LOC109618808	20200521
109618816	105320658	LOC109618816	20200521
109618818	105334667	LOC109618818	20200521
109618822	105335326	LOC109618822	20200521
109618823	105338041	LOC109618823	20240702
109618832	105337634	LOC109618832	20200521
109618840	105332899	LOC109618840	20240702
109618849	105328306	LOC109618849	20200521
109618858	105329183	LOC109618858	20200521
109618859	105329186	LOC109618859	20200521
109618860	105322631	LOC109618860	20240702
109618862	105329196	LOC109618862	20200521
109618863	105329205	LOC109618863	20200521
109618871	117681793	LOC109618871	20240702
109618890	105329404	LOC109618890	20240702
109618894	117685873	LOC109618894	20240702
109618902	109621029	LOC109618902	20200521
109618905	105328374	LOC109618905	20240702
109618914	105335330	LOC109618914	20200521
109618916	105333981	LOC109618916	20200521
109618918	105328755	LOC109618918	20200521
109618921	105344972	LOC109618921	20200521
109618929	105329700	LOC109618929	20200521
109618950	117684156	LOC109618950	20240702
109618952	105345542	LOC109618952	20200521
109618959	105337194	LOC109618959	20200521
109618969	105321814	LOC109618969	20240702
109618974	105323709	LOC109618974	20200521
109618975	117689688	LOC109618975	20240702
109618977	109618485	LOC109618977	20240702
109618979	105318806	LOC109618979	20200521
109618985	105340558	LOC109618985	20240702
109618987	105344156	LOC109618987	20200521
109618990	105328460	LOC109618990	20240702
109619001	105330271	LOC109619001	20200521
109619005	105340137	LOC109619005	20200521
109619007	105325251	LOC109619007	20200521
109619009	105340096	LOC109619009	20200521
109619013	105324075	LOC109619013	20200521
109619015	105330440	LOC109619015	20200521
109619020	105328939	LOC109619020	20200521
109619022	117692152	LOC109619022	20240702
109619023	105334202	LOC109619023	20240702
109619041	117688246	LOC109619041	20240702
109619046	105337179	LOC109619046	20200521
109619060	105337627	LOC109619060	20240704
109619071	105327050	LOC109619071	20240702
109619073	105330850	LOC109619073	20200521
109619075	105319647	LOC109619075	20200521
109619076	105337787	LOC109619076	20200521
109619077	105327090	LOC109619077	20200521
109619087	109618319	LOC109619087	20200521
109619098	105331064	LOC109619098	20200521
109619101	105331077	LOC109619101	20200521
109619104	105348786	LOC109619104	20200521
109619108	105331179	LOC109619108	20200521
109619109	117692222	LOC109619109	20240702
109619111	117688059	LOC109619111	20240702
109619115	105333649	LOC109619115	20200521
109619117	109619118	LOC109619117	20200521
109619131	105331374	LOC109619131	20240702
109619132	117688209	LOC109619132	20240702
109619134	105317366	LOC109619134	20200521
109619135	109620762	LOC109619135	20200521
109619136	105337630	LOC109619136	20200521
109619144	105331470	LOC109619144	20200521
109619148	117684413	LOC109619148	20240702
109619153	109619834	LOC109619153	20200521
109619175	105331696	LOC109619175	20200521
109619184	105331780	LOC109619184	20200521
109619186	117688992	LOC109619186	20240702
109619189	105321945	LOC109619189	20200521
109619198	105347760	LOC109619198	20200521
109619213	117690268	LOC109619213	20240702
109619221	105323556	LOC109619221	20200521
109619232	105332164	LOC109619232	20240702
109619242	105327574	LOC109619242	20240702
109619245	117691956	LOC109619245	20240704
109619246	105329548	LOC109619246	20200521
109619253	117682983	LOC109619253	20240702
109619256	117685448	LOC109619256	20240702
109619266	105331686	LOC109619266	20200521
109619269	105332472	LOC109619269	20200521
109619270	105332467	LOC109619270	20200521
109619271	105332471	LOC109619271	20240702
109619272	105328726	LOC109619272	20200521
109619275	105334007	LOC109619275	20200521
109619278	105323479	LOC109619278	20200521
109619280	105332526	LOC109619280	20200521
109619284	105333083	LOC109619284	20200521
109619286	105332631	LOC109619286	20200521
109619292	117688004	LOC109619292	20240702
109619294	105332671	LOC109619294	20200521
109619299	105334904	LOC109619299	20240702
109619307	105342941	LOC109619307	20200521
109619310	105341346	LOC109619310	20200521
109619329	109619328	LOC109619329	20200521
109619333	105348571	LOC109619333	20200521
109619334	105332879	LOC109619334	20200521
109619343	105335245	LOC109619343	20200521
109619344	105335245	LOC109619344	20200521
109619348	117684823	LOC109619348	20240702
109619352	105323478	LOC109619352	20240702
109619358	105336090	LOC109619358	20200521
109619360	117687873	LOC109619360	20240702
109619367	117681243	LOC109619367	20240704
109619376	109619378	LOC109619376	20200521
109619377	105346079	LOC109619377	20200521
109619380	105330581	LOC109619380	20200521
109619382	105333217	LOC109619382	20200521
109619398	105333349	LOC109619398	20200521
109619411	105319880	LOC109619411	20200521
109619413	105338822	LOC109619413	20200521
109619414	109619407	LOC109619414	20200521
109619416	105333497	LOC109619416	20200521
109619417	105333515	LOC109619417	20200521
109619425	117692625	LOC109619425	20240702
109619427	105333607	LOC109619427	20200521
109619428	105324339	LOC109619428	20200521
109619430	105337967	LOC109619430	20240704
109619431	105343724	LOC109619431	20200521
109619432	105333638	LOC109619432	20200521
109619438	105333658	LOC109619438	20200521
109619443	105333716	LOC109619443	20200521
109619444	105346369	LOC109619444	20200521
109619455	105342507	LOC109619455	20200521
109619470	117687373	LOC109619470	20240702
109619471	105346374	LOC109619471	20200521
109619472	117681709	LOC109619472	20240702
109619477	105333893	LOC109619477	20200521
109619479	105341940	LOC109619479	20200521
109619480	117687479	LOC109619480	20240702
109619482	109618206	LOC109619482	20240704
109619483	105341940	LOC109619483	20240702
109619487	105339530	LOC109619487	20200521
109619496	105321945	LOC109619496	20200521
109619503	109620409	LOC109619503	20200521
109619506	105329701	LOC109619506	20200521
109619507	105324479	LOC109619507	20200521
109619511	105323998	LOC109619511	20200521
109619514	105329916	LOC109619514	20200521
109619516	105334192	LOC109619516	20240702
109619517	117685362	LOC109619517	20240702
109619525	105334290	LOC109619525	20240702
109619530	117686812	LOC109619530	20240702
109619539	105322015	LOC109619539	20200521
109619549	105334494	LOC109619549	20200521
109619557	105318641	LOC109619557	20200521
109619560	105329383	LOC109619560	20200521
109619564	105345749	LOC109619564	20200521
109619570	105334632	LOC109619570	20200521
109619573	105334632	LOC109619573	20200521
109619577	105331264	LOC109619577	20200521
109619580	105334697	LOC109619580	20200521
109619582	105334699	LOC109619582	20200521
109619586	105334743	LOC109619586	20200521
109619587	105334726	LOC109619587	20200521
109619588	105348435	LOC109619588	20200521
109619589	109619593	LOC109619589	20200521
109619592	105346779	LOC109619592	20200521
109619608	105326374	LOC109619608	20200521
109619619	105340770	LOC109619619	20200521
109619624	117692425	LOC109619624	20240702
109619625	105348832	LOC109619625	20240704
109619627	105335135	LOC109619627	20200521
109619631	105348367	LOC109619631	20200521
109619635	105335195	LOC109619635	20200521
109619640	105335822	LOC109619640	20200521
109619644	105335249	LOC109619644	20200521
109619648	105335335	LOC109619648	20200521
109619657	105317291	LOC109619657	20200521
109619658	105334444	LOC109619658	20240702
109619668	105330405	LOC109619668	20200521
109619674	105335511	LOC109619674	20200521
109619675	105340249	LOC109619675	20200521
109619684	105333781	LOC109619684	20200521
109619687	105347403	LOC109619687	20240704
109619695	105335736	LOC109619695	20200521
109619697	105335708	LOC109619697	20200521
109619701	105337255	LOC109619701	20200521
109619710	117685091	LOC109619710	20240702
109619713	105335871	LOC109619713	20200521
109619717	105335931	LOC109619717	20200521
109619719	105324501	LOC109619719	20200521
109619722	105320897	LOC109619722	20200521
109619723	105330581	LOC109619723	20240702
109619727	105332273	LOC109619727	20200521
109619729	105336134	LOC109619729	20200521
109619730	105336091	LOC109619730	20200521
109619733	109621053	LOC109619733	20200521
109619740	105330851	LOC109619740	20200521
109619742	117681170	LOC109619742	20240702
109619744	105325915	LOC109619744	20200521
109619758	117690443	LOC109619758	20240702
109619763	105336341	LOC109619763	20240702
109619764	105339589	LOC109619764	20200521
109619770	105336404	LOC109619770	20240702
109619772	105336435	LOC109619772	20240704
109619780	105336559	LOC109619780	20200521
109619783	109618882	LOC109619783	20200521
109619786	105336594	LOC109619786	20200521
109619789	105347299	LOC109619789	20200521
109619790	117684708	LOC109619790	20240702
109619793	117683854	LOC109619793	20240702
109619799	105338256	LOC109619799	20200521
109619802	105323693	LOC109619802	20200521
109619819	105336909	LOC109619819	20200521
109619820	117691744	LOC109619820	20240702
109619827	105327612	LOC109619827	20200521
109619832	109618204	LOC109619832	20200521
109619833	105346079	LOC109619833	20200521
109619843	105330144	LOC109619843	20200521
109619847	117685428	LOC109619847	20240702
109619856	105337090	LOC109619856	20200521
109619859	117680549	LOC109619859	20240702
109619867	105323164	LOC109619867	20240704
109619869	105325939	LOC109619869	20240702
109619873	105331275	LOC109619873	20200521
109619876	105337334	LOC109619876	20200521
109619886	105337402	LOC109619886	20240702
109619888	105337412	LOC109619888	20200521
109619896	105342707	LOC109619896	20200521
109619897	105331306	LOC109619897	20200521
109619898	105339074	LOC109619898	20200521
109619905	105337548	LOC109619905	20200521
109619908	105337583	LOC109619908	20200521
109619909	105318330	LOC109619909	20200521
109619913	105320761	LOC109619913	20200521
109619919	117681792	LOC109619919	20240702
109619920	117685254	LOC109619920	20240702
109619928	105337680	LOC109619928	20240702
109619930	117687443	LOC109619930	20240702
109619933	105338096	LOC109619933	20200521
109619942	105343226	LOC109619942	20200521
109619954	109619069	LOC109619954	20240702
109619964	105336818	LOC109619964	20200521
109619967	105338164	LOC109619967	20200521
109619968	105338191	LOC109619968	20200521
109619969	105337945	LOC109619969	20200521
109619978	105339562	LOC109619978	20240702
109619980	105343555	LOC109619980	20200521
109619981	105338191	LOC109619981	20200521
109619986	105340957	LOC109619986	20200521
109620006	105338315	LOC109620006	20240702
109620007	109619072	LOC109620007	20240702
109620008	105336389	LOC109620008	20240704
109620009	105342642	LOC109620009	20240702
109620017	105330296	LOC109620017	20200521
109620021	105334699	LOC109620021	20200521
109620023	105320282	LOC109620023	20200521
109620032	105336219	LOC109620032	20200521
109620038	105329230	LOC109620038	20240702
109620053	117689015	LOC109620053	20240702
109620057	105338736	LOC109620057	20240702
109620071	105338895	LOC109620071	20200521
109620085	117691114	LOC109620085	20240702
109620087	105339147	LOC109620087	20200521
109620093	105339058	LOC109620093	20200521
109620095	105330862	LOC109620095	20200521
109620096	105339058	LOC109620096	20200521
109620097	105330862	LOC109620097	20200521
109620117	105338247	LOC109620117	20200521
109620123	105346675	LOC109620123	20200521
109620125	105339322	LOC109620125	20200521
109620130	105320092	LOC109620130	20200521
109620133	105340978	LOC109620133	20200521
109620135	105339510	LOC109620135	20200521
109620146	105333792	LOC109620146	20200521
109620148	117687516	LOC109620148	20240702
109620150	105339578	LOC109620150	20200521
109620153	105339596	LOC109620153	20200521
109620159	105326872	LOC109620159	20200521
109620173	105348385	LOC109620173	20240702
109620175	109618351	LOC109620175	20200521
109620177	109619606	LOC109620177	20200521
109620178	105340049	LOC109620178	20200521
109620181	117685644	LOC109620181	20240702
109620184	117685615	LOC109620184	20240702
109620185	105346334	LOC109620185	20200521
109620196	105340042	LOC109620196	20200521
109620200	105345390	LOC109620200	20200521
109620201	105317252	LOC109620201	20200521
109620206	109620476	LOC109620206	20240702
109620216	105348873	LOC109620216	20200521
109620218	105317886	LOC109620218	20200521
109620227	105340247	LOC109620227	20200521
109620237	105333226	LOC109620237	20240702
109620249	105340396	LOC109620249	20200521
109620255	105346918	LOC109620255	20200521
109620257	105340446	LOC109620257	20200521
109620267	105323149	LOC109620267	20240702
109620268	105340578	LOC109620268	20200521
109620270	117686818	LOC109620270	20240702
109620281	105338180	LOC109620281	20200521
109620282	105329255	LOC109620282	20200521
109620288	109617258	LOC109620288	20200521
109620299	105340795	LOC109620299	20200521
109620300	105341195	LOC109620300	20200521
109620312	117691985	LOC109620312	20240702
109620320	105320679	LOC109620320	20200521
109620323	105340182	LOC109620323	20200521
109620325	105341036	LOC109620325	20200521
109620327	105329444	LOC109620327	20200521
109620339	105341159	LOC109620339	20200521
109620341	105332837	LOC109620341	20200521
109620346	105327716	LOC109620346	20200521
109620359	105341387	LOC109620359	20200521
109620380	105320940	LOC109620380	20200521
109620384	105330100	LOC109620384	20200521
109620390	105324357	LOC109620390	20200521
109620397	117687124	LOC109620397	20240702
109620401	117680690	LOC109620401	20240702
109620406	105325407	LOC109620406	20200521
109620410	109620450	LOC109620410	20240702
109620414	105346819	LOC109620414	20240702
109620415	117689108	LOC109620415	20240702
109620417	105342009	LOC109620417	20200521
109620419	105342009	LOC109620419	20200521
109620422	105342362	LOC109620422	20200521
109620426	105318000	LOC109620426	20240704
109620437	109620438	LOC109620437	20200521
109620439	105342181	LOC109620439	20200521
109620444	105342232	LOC109620444	20200521
109620445	105342232	LOC109620445	20200521
109620451	117688686	LOC109620451	20240702
109620454	105342301	LOC109620454	20200521
109620463	105342368	LOC109620463	20200521
109620464	117685503	LOC109620464	20240704
109620470	105347339	LOC109620470	20200521
109620473	105335566	LOC109620473	20240702
109620481	105342516	LOC109620481	20200521
109620482	117685166	LOC109620482	20240702
109620493	109620492	LOC109620493	20200521
109620495	105348103	LOC109620495	20200521
109620496	105326836	LOC109620496	20200521
109620498	105319642	LOC109620498	20200521
109620499	105327476	LOC109620499	20200521
109620508	105342825	LOC109620508	20200521
109620511	105342715	LOC109620511	20200521
109620512	105342717	LOC109620512	20200521
109620513	105342959	LOC109620513	20200521
109620518	105327377	LOC109620518	20240702
109620524	105342799	LOC109620524	20200521
109620529	105338770	LOC109620529	20200521
109620532	117683604	LOC109620532	20240702
109620535	105342845	LOC109620535	20200521
109620545	105342942	LOC109620545	20200521
109620548	105347991	LOC109620548	20200521
109620549	105347991	LOC109620549	20200521
109620572	105339970	LOC109620572	20200521
109620573	105332723	LOC109620573	20200521
109620582	105317264	LOC109620582	20200521
109620587	117692407	LOC109620587	20240702
109620590	105336583	LOC109620590	20240702
109620595	117685967	LOC109620595	20240702
109620606	105343424	LOC109620606	20200521
109620607	105343424	LOC109620607	20200521
109620610	105318219	LOC109620610	20200521
109620616	105338479	LOC109620616	20200521
109620627	109618161	LOC109620627	20240702
109620639	105329839	LOC109620639	20200521
109620644	105343682	LOC109620644	20200521
109620658	105343730	LOC109620658	20200521
109620660	109619119	LOC109620660	20200521
109620667	105320940	LOC109620667	20200521
109620668	105327838	LOC109620668	20240702
109620675	109620358	LOC109620675	20240702
109620676	117684858	LOC109620676	20240702
109620678	105336574	LOC109620678	20200521
109620680	105342758	LOC109620680	20200521
109620681	105318011	LOC109620681	20200521
109620683	105347703	LOC109620683	20200521
109620688	105323934	LOC109620688	20200521
109620694	105343992	LOC109620694	20200521
109620695	105343988	LOC109620695	20200521
109620702	105344680	LOC109620702	20200521
109620713	105345671	LOC109620713	20200521
109620716	105341203	LOC109620716	20200521
109620725	109620919	LOC109620725	20200521
109620734	105328879	LOC109620734	20200521
109620740	105344097	LOC109620740	20200521
109620742	105332697	LOC109620742	20200521
109620749	105338195	LOC109620749	20200521
109620752	105341925	LOC109620752	20200521
109620759	105322991	LOC109620759	20200521
109620770	105344633	LOC109620770	20200521
109620782	109618932	LOC109620782	20200521
109620792	105332837	LOC109620792	20200521
109620794	105347407	LOC109620794	20200521
109620795	109620796	LOC109620795	20200521
109620803	117692662	LOC109620803	20240704
109620810	105334360	LOC109620810	20200521
109620823	105345059	LOC109620823	20200521
109620829	109619711	LOC109620829	20200521
109620832	105341001	LOC109620832	20200521
109620833	105336038	LOC109620833	20240702
109620843	105340368	LOC109620843	20200521
109620848	105345161	LOC109620848	20200521
109620862	105328869	LOC109620862	20200521
109620863	105345311	LOC109620863	20200521
109620865	105329947	LOC109620865	20200521
109620873	109618351	LOC109620873	20200521
109620885	105344125	LOC109620885	20240702
109620886	105345556	LOC109620886	20200521
109620887	105318365	LOC109620887	20200521
109620901	105324232	LOC109620901	20200521
109620902	105345976	LOC109620902	20200521
109620906	105347653	LOC109620906	20200521
109620913	117692083	LOC109620913	20240702
109620917	109620919	LOC109620917	20240702
109620924	117683870	LOC109620924	20240702
109620926	105329408	LOC109620926	20200521
109620932	117683870	LOC109620932	20240702
109620937	105345898	LOC109620937	20200521
109620946	105345920	LOC109620946	20200521
109620948	105319534	LOC109620948	20240702
109620950	109617109	LOC109620950	20200521
109620952	117688810	LOC109620952	20240702
109620953	117687141	LOC109620953	20240702
109620957	105345752	LOC109620957	20200521
109620960	105343022	LOC109620960	20200521
109620962	105317965	LOC109620962	20200521
109620965	117691621	LOC109620965	20240702
109620970	105337457	LOC109620970	20200521
109620971	105345752	LOC109620971	20200521
109620972	105336169	LOC109620972	20200521
109620974	105320498	LOC109620974	20200521
109620978	109620800	LOC109620978	20240702
109620979	105346177	LOC109620979	20200521
109620980	105346177	LOC109620980	20200521
109620983	105346192	LOC109620983	20200521
109620985	105346213	LOC109620985	20200521
109620993	117685166	LOC109620993	20240702
109620994	105346225	LOC109620994	20200521
109621003	105346308	LOC109621003	20200521
109621011	117685701	LOC109621011	20240702
109621016	105346374	LOC109621016	20200521
109621019	105338186	LOC109621019	20200521
109621021	105320283	LOC109621021	20200521
109621030	105343342	LOC109621030	20200521
109621035	105346626	LOC109621035	20200521
109621047	105340274	LOC109621047	20200521
109621055	105346876	LOC109621055	20200521
109621062	105334403	LOC109621062	20200521
109621070	109617867	LOC109621070	20240702
109621074	105347024	LOC109621074	20240702
109621075	105347079	LOC109621075	20200521
109621078	109619767	LOC109621078	20200521
109621080	105347171	LOC109621080	20200521
109621081	105347140	LOC109621081	20200521
109621083	109617199	LOC109621083	20200521
109621085	105324128	LOC109621085	20200521
109621094	117691650	LOC109621094	20240702
109621095	105347332	LOC109621095	20200521
109621097	105347368	LOC109621097	20200521
109621098	105347418	LOC109621098	20200521
109621101	105347475	LOC109621101	20200521
109621102	105322377	LOC109621102	20200521
109621108	105329357	LOC109621108	20200521
109621110	105338963	LOC109621110	20200521
109621113	117688652	LOC109621113	20240702
109621122	105342164	LOC109621122	20200521
109621124	105347673	LOC109621124	20200521
109621126	105344102	LOC109621126	20200521
109621128	117683597	LOC109621128	20240702
109621134	105347767	LOC109621134	20200521
109621137	105324075	LOC109621137	20240702
109621160	105347924	LOC109621160	20200521
109621167	109621166	LOC109621167	20240702
109621175	117687641	LOC109621175	20240702
109621177	105346779	LOC109621177	20240702
109621178	117685103	LOC109621178	20240702
109621179	105342642	LOC109621179	20240704
109621184	105334677	LOC109621184	20200521
109621191	105348579	LOC109621191	20200521
109621195	105331808	LOC109621195	20240702
109621196	105348153	LOC109621196	20240702
109621198	117680620	LOC109621198	20240702
109621201	109621202	LOC109621201	20200521
109621204	105348172	LOC109621204	20240702
109621207	105348184	LOC109621207	20200521
109621212	105348319	LOC109621212	20200521
109621218	109618005	LOC109621218	20240704
109621222	117681777	LOC109621222	20240704
117680290	105344505	LOC117680290	20240704
117680291	105345989	LOC117680291	20240704
117680293	105346598	LOC117680293	20240702
117680295	105320798	LOC117680295	20240702
117680297	117686913	LOC117680297	20240704
117680302	117693025	LOC117680302	20240702
117680311	105323257	LOC117680311	20240702
117680317	105324052	LOC117680317	20240702
117680320	105346223	LOC117680320	20240702
117680323	105346929	LOC117680323	20240702
117680324	117687862	LOC117680324	20240702
117680327	105343116	LOC117680327	20240702
117680328	105346933	LOC117680328	20240702
117680338	105338435	LOC117680338	20240702
117680341	105343609	LOC117680341	20240702
117680344	105341170	LOC117680344	20240702
117680345	105334301	LOC117680345	20240702
117680346	105332049	LOC117680346	20240702
117680347	105342278	LOC117680347	20240702
117680352	117681800	LOC117680352	20240702
117680353	105327636	LOC117680353	20240702
117680358	105334814	LOC117680358	20240702
117680360	105335989	LOC117680360	20240702
117680361	105332526	LOC117680361	20240702
117680364	105337163	LOC117680364	20240702
117680365	117691615	LOC117680365	20240702
117680366	117685172	LOC117680366	20240702
117680367	105323899	LOC117680367	20240702
117680368	105325041	LOC117680368	20240702
117680375	117680356	LOC117680375	20240702
117680376	117690463	LOC117680376	20240702
117680378	105327511	LOC117680378	20240702
117680380	105341789	LOC117680380	20240702
117680385	105317229	LOC117680385	20240702
117680389	117683797	LOC117680389	20240702
117680395	105345799	LOC117680395	20240702
117680398	105328263	LOC117680398	20240702
117680402	105329537	LOC117680402	20240702
117680404	105337725	LOC117680404	20240704
117680409	105338407	LOC117680409	20240702
117680410	117691340	LOC117680410	20240704
117680411	117685618	LOC117680411	20240702
117680413	105323279	LOC117680413	20240702
117680414	105321879	LOC117680414	20240702
117680415	105339824	LOC117680415	20240702
117680418	105336005	LOC117680418	20240702
117680424	105327329	LOC117680424	20240702
117680427	105336352	LOC117680427	20240702
117680428	105337365	LOC117680428	20240702
117680429	105329380	LOC117680429	20240702
117680436	105331122	LOC117680436	20240702
117680438	105341911	LOC117680438	20240702
117680444	105339373	LOC117680444	20240702
117680445	105332681	LOC117680445	20240702
117680446	105335417	LOC117680446	20240702
117680452	105346451	LOC117680452	20240702
117680453	105326744	LOC117680453	20240702
117680454	105318502	LOC117680454	20240702
117680455	105337358	LOC117680455	20240702
117680456	105328328	LOC117680456	20240702
117680457	105328344	LOC117680457	20240702
117680460	105329687	LOC117680460	20240702
117680461	105344524	LOC117680461	20240702
117680462	105336023	LOC117680462	20240702
117680463	105339703	LOC117680463	20240702
117680467	105344205	LOC117680467	20240702
117680469	105346231	LOC117680469	20240702
117680470	105346693	LOC117680470	20240702
117680471	105321986	LOC117680471	20240702
117680474	105333626	LOC117680474	20240702
117680475	105327574	LOC117680475	20240702
117680477	105327610	LOC117680477	20240702
117680479	105343844	LOC117680479	20240702
117680484	105325855	LOC117680484	20240702
117680489	117690996	LOC117680489	20240702
117680493	105346542	LOC117680493	20240702
117680494	117685872	LOC117680494	20240702
117680496	105324972	LOC117680496	20240702
117680497	105339571	LOC117680497	20240702
117680499	105344698	LOC117680499	20240702
117680503	105329631	LOC117680503	20240702
117680505	105338591	LOC117680505	20240702
117680507	105317710	LOC117680507	20240702
117680508	105328612	LOC117680508	20240702
117680509	109618075	LOC117680509	20240702
117680520	105332443	LOC117680520	20240702
117680523	117680533	LOC117680523	20240702
117680525	105347050	LOC117680525	20240702
117680527	105348255	LOC117680527	20240702
117680528	105326355	LOC117680528	20240702
117680530	105339863	LOC117680530	20240702
117680531	117688283	LOC117680531	20240702
117680538	117688770	LOC117680538	20240702
117680540	105344380	LOC117680540	20240702
117680544	117689897	LOC117680544	20240702
117680545	105333338	LOC117680545	20240702
117680550	117690492	LOC117680550	20240702
117680551	117687059	LOC117680551	20240702
117680554	117687308	LOC117680554	20240702
117680556	109620779	LOC117680556	20240702
117680559	105327399	LOC117680559	20240702
117680562	105333550	LOC117680562	20240702
117680565	117681484	LOC117680565	20240702
117680566	105319503	LOC117680566	20240702
117680567	117683266	LOC117680567	20240702
117680577	117688064	LOC117680577	20240702
117680580	105317117	LOC117680580	20240702
117680582	105321980	LOC117680582	20240702
117680583	105339058	LOC117680583	20240702
117680584	117692569	LOC117680584	20240702
117680585	105318000	LOC117680585	20240702
117680586	117680713	LOC117680586	20240702
117680589	105346629	LOC117680589	20240702
117680603	109618764	LOC117680603	20240702
117680604	117685279	LOC117680604	20240702
117680606	105319410	LOC117680606	20240702
117680608	105345297	LOC117680608	20240702
117680615	105320252	LOC117680615	20240702
117680623	105334873	LOC117680623	20240702
117680628	117691544	LOC117680628	20240702
117680630	117681406	LOC117680630	20240702
117680631	105337553	LOC117680631	20240702
117680633	105346949	LOC117680633	20240702
117680634	105318988	LOC117680634	20240702
117680644	105327937	LOC117680644	20240702
117680647	105345848	LOC117680647	20240702
117680649	105331445	LOC117680649	20240702
117680650	105321123	LOC117680650	20240702
117680651	105339529	LOC117680651	20240702
117680652	105334833	LOC117680652	20240702
117680654	105330184	LOC117680654	20240702
117680658	117692189	LOC117680658	20240702
117680661	105348850	LOC117680661	20240702
117680667	117682457	LOC117680667	20240702
117680668	105322990	LOC117680668	20240702
117680670	105322631	LOC117680670	20240702
117680675	117681177	LOC117680675	20240702
117680676	117683637	LOC117680676	20240702
117680677	105330921	LOC117680677	20240702
117680679	105341422	LOC117680679	20240702
117680681	117680678	LOC117680681	20240702
117680689	105341844	LOC117680689	20240702
117680695	105320584	LOC117680695	20240702
117680696	109617931	LOC117680696	20240702
117680697	105333249	LOC117680697	20240702
117680698	105333247	LOC117680698	20240702
117680699	105333250	LOC117680699	20240702
117680701	117683012	LOC117680701	20240702
117680711	105319556	LOC117680711	20240702
117680719	105327843	LOC117680719	20240702
117680720	105327842	LOC117680720	20240702
117680724	117682668	LOC117680724	20240702
117680727	117687417	LOC117680727	20240702
117680733	117689320	LOC117680733	20240702
117680735	117680736	LOC117680735	20240702
117680738	105324926	LOC117680738	20240702
117680744	105338731	LOC117680744	20240702
117680746	105338838	LOC117680746	20240702
117680747	105346393	LOC117680747	20240702
117680750	117686896	LOC117680750	20240702
117680753	105321429	LOC117680753	20240702
117680755	105331033	LOC117680755	20240702
117680757	105345752	LOC117680757	20240702
117680758	105337774	LOC117680758	20240702
117680760	105334299	LOC117680760	20240702
117680761	105322774	LOC117680761	20240702
117680762	105337354	LOC117680762	20240702
117680767	105337357	LOC117680767	20240702
117680768	105337353	LOC117680768	20240702
117680771	117687788	LOC117680771	20240702
117680779	105347214	LOC117680779	20240702
117680783	105334498	LOC117680783	20240702
117680784	117680786	LOC117680784	20240702
117680785	105334476	LOC117680785	20240702
117680787	105334473	LOC117680787	20240702
117680792	117692664	LOC117680792	20240702
117680793	105321523	LOC117680793	20240702
117680950	105325490	LOC117680950	20240702
117680951	105320934	LOC117680951	20240702
117680953	105328066	LOC117680953	20240702
117680956	105331835	LOC117680956	20240702
117680960	105325489	LOC117680960	20240702
117680961	117680965	LOC117680961	20240702
117680962	105323023	LOC117680962	20240702
117680968	105325482	LOC117680968	20240702
117680970	109618685	LOC117680970	20240702
117680971	117681193	LOC117680971	20240702
117680975	105321243	LOC117680975	20240702
117680976	105337740	LOC117680976	20240702
117680983	117681866	LOC117680983	20240702
117680988	117688631	LOC117680988	20240702
117680991	117688881	LOC117680991	20240702
117680992	109618306	LOC117680992	20240702
117680993	105330302	LOC117680993	20240702
117680994	105325491	LOC117680994	20240702
117681002	105325483	LOC117681002	20240702
117681003	117681005	LOC117681003	20240702
117681004	105323495	LOC117681004	20240702
117681014	105348257	LOC117681014	20240702
117681017	117684523	LOC117681017	20240702
117681018	105343122	LOC117681018	20240702
117681020	117687823	LOC117681020	20240702
117681023	105325171	LOC117681023	20240702
117681025	117685967	LOC117681025	20240702
117681037	117687862	LOC117681037	20240702
117681044	117681041	LOC117681044	20240702
117681046	117681049	LOC117681046	20240702
117681050	117688286	LOC117681050	20240702
117681051	105329098	LOC117681051	20240702
117681054	105344891	LOC117681054	20240702
117681055	109617040	LOC117681055	20240702
117681057	105333428	LOC117681057	20240702
117681060	105348936	LOC117681060	20240702
117681061	105321465	LOC117681061	20240702
117681063	105319845	LOC117681063	20240702
117681067	105343338	LOC117681067	20240702
117681068	105323058	LOC117681068	20240702
117681069	105346124	LOC117681069	20240702
117681071	105346011	LOC117681071	20240702
117681072	105346008	LOC117681072	20240702
117681073	105317063	LOC117681073	20240702
117681074	105327763	LOC117681074	20240702
117681075	105330016	LOC117681075	20240702
117681076	117681192	LOC117681076	20240702
117681079	117681219	LOC117681079	20240702
117681083	105335866	LOC117681083	20240702
117681087	105330606	LOC117681087	20240702
117681088	105318441	LOC117681088	20240702
117681090	117681888	LOC117681090	20240702
117681093	109617056	LOC117681093	20240702
117681109	105329031	LOC117681109	20240702
117681112	117691615	LOC117681112	20240702
117681118	105329034	LOC117681118	20240702
117681119	117685349	LOC117681119	20240702
117681123	117688209	LOC117681123	20240702
117681125	105338750	LOC117681125	20240702
117681127	105338750	LOC117681127	20240702
117681131	105333944	LOC117681131	20240702
117681133	105340863	LOC117681133	20240702
117681136	105340863	LOC117681136	20240702
117681137	105340860	LOC117681137	20240702
117681138	105340901	LOC117681138	20240702
117681139	105340862	LOC117681139	20240702
117681140	105340863	LOC117681140	20240702
117681143	109617076	LOC117681143	20240702
117681145	117681144	LOC117681145	20240702
117681154	109619202	LOC117681154	20240702
117681155	105333281	LOC117681155	20240702
117681160	105324023	LOC117681160	20240702
117681171	105336191	LOC117681171	20240702
117681181	105339491	LOC117681181	20240702
117681186	117681185	LOC117681186	20240702
117681196	105327324	LOC117681196	20240702
117681199	105330478	LOC117681199	20240702
117681201	105318487	LOC117681201	20240702
117681203	105325660	LOC117681203	20240702
117681204	117680982	LOC117681204	20240702
117681205	117681484	LOC117681205	20240702
117681206	117681484	LOC117681206	20240702
117681207	117681484	LOC117681207	20240702
117681214	117681434	LOC117681214	20240702
117681215	117681878	LOC117681215	20240702
117681217	109618433	LOC117681217	20240702
117681220	105318441	LOC117681220	20240702
117681223	117685197	LOC117681223	20240702
117681224	105333943	LOC117681224	20240702
117681232	105320898	LOC117681232	20240702
117681237	117681776	LOC117681237	20240702
117681241	117690562	LOC117681241	20240702
117681247	105332364	LOC117681247	20240702
117681252	105324399	LOC117681252	20240702
117681268	109620385	LOC117681268	20240702
117681270	105317863	LOC117681270	20240702
117681280	105333161	LOC117681280	20240702
117681281	105333173	LOC117681281	20240702
117681282	105320964	LOC117681282	20240702
117681283	105320966	LOC117681283	20240702
117681284	105320965	LOC117681284	20240702
117681291	105336266	LOC117681291	20240702
117681297	105335843	LOC117681297	20240702
117681298	117691630	LOC117681298	20240702
117681310	105318074	LOC117681310	20240702
117681314	105341609	LOC117681314	20240702
117681317	105339103	LOC117681317	20240702
117681324	105327207	LOC117681324	20240702
117681325	105327207	LOC117681325	20240702
117681326	105327207	LOC117681326	20240702
117681328	105344504	LOC117681328	20240702
117681329	117684789	LOC117681329	20240702
117681330	117681884	LOC117681330	20240702
117681337	105343430	LOC117681337	20240702
117681340	105319696	LOC117681340	20240702
117681354	117681355	LOC117681354	20240702
117681357	117688882	LOC117681357	20240702
117681364	105339015	LOC117681364	20240702
117681373	105331655	LOC117681373	20240702
117681375	109618092	LOC117681375	20240702
117681382	105329538	LOC117681382	20240702
117681387	117681488	LOC117681387	20240702
117681395	105321880	LOC117681395	20240702
117681401	105345573	LOC117681401	20240702
117681402	105330478	LOC117681402	20240702
117681405	117692631	LOC117681405	20240702
117681413	105336686	LOC117681413	20240702
117681417	105325481	LOC117681417	20240702
117681421	105326815	LOC117681421	20240702
117681422	105326804	LOC117681422	20240702
117681424	117681423	LOC117681424	20240702
117681425	105335240	LOC117681425	20240702
117681427	105348654	LOC117681427	20240702
117681433	105320727	LOC117681433	20240702
117681438	105345022	LOC117681438	20240702
117681439	105327328	LOC117681439	20240702
117681444	105324220	LOC117681444	20240702
117681448	105319239	LOC117681448	20240702
117681464	105338672	LOC117681464	20240702
117681465	117685656	LOC117681465	20240702
117681467	105324320	LOC117681467	20240702
117681483	105342651	LOC117681483	20240702
117681486	105320684	LOC117681486	20240702
117681493	105324357	LOC117681493	20240702
117681506	105317899	LOC117681506	20240702
117681513	117690766	LOC117681513	20240702
117681520	105347798	LOC117681520	20240702
117681521	105347800	LOC117681521	20240702
117681522	105347796	LOC117681522	20240702
117681533	117690849	LOC117681533	20240702
117681534	105345160	LOC117681534	20240702
117681540	105321256	LOC117681540	20240702
117681547	105346007	LOC117681547	20240702
117681548	105346006	LOC117681548	20240702
117681549	117686221	LOC117681549	20240702
117681551	105348719	LOC117681551	20240702
117681552	105348721	LOC117681552	20240702
117681555	105347828	LOC117681555	20240702
117681561	117692722	LOC117681561	20240702
117681570	105322251	LOC117681570	20240702
117681580	105325625	LOC117681580	20240702
117681581	105325625	LOC117681581	20240702
117681585	105320418	LOC117681585	20240702
117681587	105331064	LOC117681587	20240702
117681588	117685986	LOC117681588	20240702
117681591	105332464	LOC117681591	20240702
117681592	105332488	LOC117681592	20240702
117681593	117681064	LOC117681593	20240702
117681598	117681599	LOC117681598	20240702
117681602	105341275	LOC117681602	20240702
117681603	117685730	LOC117681603	20240702
117681608	109618433	LOC117681608	20240702
117681610	105332456	LOC117681610	20240702
117681613	117681909	LOC117681613	20240702
117681615	117684587	LOC117681615	20240702
117681616	109618445	LOC117681616	20240702
117681625	105346011	LOC117681625	20240702
117681626	105334911	LOC117681626	20240702
117681630	105334913	LOC117681630	20240702
117681632	105336351	LOC117681632	20240702
117681633	105325130	LOC117681633	20240702
117681639	105331310	LOC117681639	20240702
117681645	105330948	LOC117681645	20240702
117681647	105330947	LOC117681647	20240702
117681653	105321680	LOC117681653	20240702
117681654	105321680	LOC117681654	20240702
117681661	117681659	LOC117681661	20240702
117681668	105347327	LOC117681668	20240702
117681669	117681664	LOC117681669	20240702
117681673	105320587	LOC117681673	20240702
117681675	117680957	LOC117681675	20240702
117681678	105343730	LOC117681678	20240702
117681684	105342773	LOC117681684	20240702
117681687	105321814	LOC117681687	20240702
117681689	105326659	LOC117681689	20240702
117681691	117681819	LOC117681691	20240702
117681699	105347025	LOC117681699	20240702
117681700	105335150	LOC117681700	20240702
117681706	105344346	LOC117681706	20240702
117681714	117686896	LOC117681714	20240702
117681721	105342601	LOC117681721	20240702
117681726	117681814	LOC117681726	20240702
117681730	105332823	LOC117681730	20240702
117681740	117690028	LOC117681740	20240702
117681747	105330039	LOC117681747	20240702
117681749	105324053	LOC117681749	20240702
117681755	117682793	LOC117681755	20240702
117681759	109617872	LOC117681759	20240702
117681761	105336559	LOC117681761	20240702
117681763	105341985	LOC117681763	20240702
117681764	105331732	LOC117681764	20240702
117681765	117681766	LOC117681765	20240702
117681769	117691290	LOC117681769	20240702
117681770	105345557	LOC117681770	20240702
117681771	105323582	LOC117681771	20240702
117681778	117681814	LOC117681778	20240702
117681783	105317144	LOC117681783	20240702
117681784	117688273	LOC117681784	20240702
117681785	117692634	LOC117681785	20240702
117681787	105317592	LOC117681787	20240702
117681789	105342298	LOC117681789	20240702
117681794	105331652	LOC117681794	20240702
117681797	105333626	LOC117681797	20240702
117681799	117692662	LOC117681799	20240702
117681810	105327300	LOC117681810	20240702
117681811	117681813	LOC117681811	20240702
117681812	117681777	LOC117681812	20240702
117681815	117681777	LOC117681815	20240702
117681823	105343488	LOC117681823	20240702
117681824	105338668	LOC117681824	20240702
117681826	105331653	LOC117681826	20240702
117681828	105331651	LOC117681828	20240702
117681836	105328066	LOC117681836	20240702
117681838	117684194	LOC117681838	20240702
117681841	105342162	LOC117681841	20240702
117681842	105342144	LOC117681842	20240702
117681855	105325083	LOC117681855	20240702
117681856	105334372	LOC117681856	20240702
117681857	105334370	LOC117681857	20240702
117681858	105334370	LOC117681858	20240702
117681860	105336675	LOC117681860	20240702
117681867	105331348	LOC117681867	20240702
117681873	105324023	LOC117681873	20240702
117681875	105325027	LOC117681875	20240702
117681883	105340879	LOC117681883	20240702
117681887	117692514	LOC117681887	20240702
117681890	105344864	LOC117681890	20240702
117681895	105345344	LOC117681895	20240702
117681896	105342773	LOC117681896	20240702
117681897	105342773	LOC117681897	20240702
117681898	105325165	LOC117681898	20240702
117681900	105346839	LOC117681900	20240702
117681902	117688622	LOC117681902	20240702
117681904	105328886	LOC117681904	20240702
117681906	105319845	LOC117681906	20240702
117681918	117681913	LOC117681918	20240702
117681928	117681926	LOC117681928	20240702
117681929	117681927	LOC117681929	20240702
117681930	117683324	LOC117681930	20240702
117681933	117683392	LOC117681933	20240702
117681964	117688677	LOC117681964	20240702
117681965	105340218	LOC117681965	20240702
117681970	105325641	LOC117681970	20240702
117681973	105328531	LOC117681973	20240702
117681974	105324946	LOC117681974	20240702
117681981	117681792	LOC117681981	20240702
117681986	117692715	LOC117681986	20240702
117681991	105322140	LOC117681991	20240702
117681998	105335460	LOC117681998	20240702
117682000	109618703	LOC117682000	20240702
117682001	117681762	LOC117682001	20240702
117682010	117688517	LOC117682010	20240702
117682013	117686896	LOC117682013	20240702
117682017	105317600	LOC117682017	20240702
117682018	109618160	LOC117682018	20240702
117682025	117690147	LOC117682025	20240702
117682027	105344879	LOC117682027	20240702
117682028	117683102	LOC117682028	20240702
117682032	117683797	LOC117682032	20240702
117682036	105328521	LOC117682036	20240702
117682042	105331211	LOC117682042	20240702
117682049	105348370	LOC117682049	20240702
117682056	105322685	LOC117682056	20240702
117682059	105336810	LOC117682059	20240702
117682066	109618727	LOC117682066	20240702
117682068	105342326	LOC117682068	20240702
117682069	109619273	LOC117682069	20240702
117682081	105333757	LOC117682081	20240702
117682082	117682084	LOC117682082	20240702
117682088	105342815	LOC117682088	20240702
117682089	117682212	LOC117682089	20240702
117682095	117684454	LOC117682095	20240702
117682097	105322999	LOC117682097	20240702
117682101	117682100	LOC117682101	20240702
117682105	105340585	LOC117682105	20240702
117682106	105317749	LOC117682106	20240702
117682107	105317748	LOC117682107	20240702
117682111	105317745	LOC117682111	20240702
117682114	105317744	LOC117682114	20240702
117682123	105334904	LOC117682123	20240702
117682135	105341648	LOC117682135	20240702
117682142	117682140	LOC117682142	20240702
117682145	117681762	LOC117682145	20240702
117682155	105328950	LOC117682155	20240702
117682158	117690163	LOC117682158	20240702
117682167	117682166	LOC117682167	20240702
117682171	117687878	LOC117682171	20240702
117682179	117688309	LOC117682179	20240704
117682181	105331260	LOC117682181	20240702
117682182	105317261	LOC117682182	20240702
117682190	105340065	LOC117682190	20240702
117682199	105323479	LOC117682199	20240702
117682208	117692436	LOC117682208	20240702
117682209	105331620	LOC117682209	20240702
117682210	105323036	LOC117682210	20240702
117682214	105342542	LOC117682214	20240702
117682215	117688961	LOC117682215	20240702
117682224	117689995	LOC117682224	20240702
117682226	117687631	LOC117682226	20240702
117682227	117686250	LOC117682227	20240702
117682229	105334451	LOC117682229	20240702
117682235	117692810	LOC117682235	20240702
117682247	105341086	LOC117682247	20240702
117682248	105323041	LOC117682248	20240704
117682267	117689237	LOC117682267	20240702
117682268	117692904	LOC117682268	20240702
117682273	109620194	LOC117682273	20240702
117682275	117684156	LOC117682275	20240702
117682276	105328782	LOC117682276	20240702
117682282	105324262	LOC117682282	20240702
117682286	105322050	LOC117682286	20240702
117682287	105322050	LOC117682287	20240702
117682295	105328428	LOC117682295	20240702
117682299	105321396	LOC117682299	20240702
117682300	109618289	LOC117682300	20240702
117682304	105320876	LOC117682304	20240702
117682309	109620497	LOC117682309	20240704
117682317	105335051	LOC117682317	20240702
117682319	105333641	LOC117682319	20240702
117682320	117682047	LOC117682320	20240702
117682325	105322559	LOC117682325	20240702
117682330	105342815	LOC117682330	20240702
117682337	105343385	LOC117682337	20240704
117682344	117693018	LOC117682344	20240702
117682346	117693018	LOC117682346	20240702
117682353	105328782	LOC117682353	20240702
117682359	117686492	LOC117682359	20240702
117682370	117682367	LOC117682370	20240702
117682373	105323728	LOC117682373	20240702
117682374	105338153	LOC117682374	20240702
117682375	117688631	LOC117682375	20240702
117682376	109617051	LOC117682376	20240702
117682378	117682974	LOC117682378	20240702
117682383	117685092	LOC117682383	20240702
117682392	105344035	LOC117682392	20240702
117682405	105323223	LOC117682405	20240702
117682421	109621171	LOC117682421	20240702
117682432	105317563	LOC117682432	20240702
117682435	117690335	LOC117682435	20240702
117682437	117692810	LOC117682437	20240702
117682450	105321431	LOC117682450	20240702
117682452	117693159	LOC117682452	20240702
117682454	105335379	LOC117682454	20240702
117682458	117683290	LOC117682458	20240702
117682459	105325837	LOC117682459	20240702
117682463	105321394	LOC117682463	20240702
117682464	117682698	LOC117682464	20240702
117682465	117684572	LOC117682465	20240702
117682469	105340359	LOC117682469	20240702
117682474	105345056	LOC117682474	20240702
117682475	105319275	LOC117682475	20240702
117682476	105334074	LOC117682476	20240702
117682482	117681818	LOC117682482	20240702
117682495	105321771	LOC117682495	20240702
117682497	105330075	LOC117682497	20240702
117682503	117686416	LOC117682503	20240702
117682504	117686416	LOC117682504	20240702
117682507	117682506	LOC117682507	20240702
117682513	117686624	LOC117682513	20240702
117682518	117682515	LOC117682518	20240702
117682519	117682662	LOC117682519	20240702
117682522	105338133	LOC117682522	20240702
117682524	117682523	LOC117682524	20240702
117682529	109620704	LOC117682529	20240702
117682530	117682534	LOC117682530	20240702
117682535	117682532	LOC117682535	20240702
117682536	117682533	LOC117682536	20240702
117682539	109617578	LOC117682539	20240702
117682542	117682812	LOC117682542	20240702
117682543	105338076	LOC117682543	20240702
117682546	117682813	LOC117682546	20240702
117682558	109620982	LOC117682558	20240702
117682559	105338590	LOC117682559	20240702
117682560	117684759	LOC117682560	20240702
117682561	117689460	LOC117682561	20240702
117682566	117682567	LOC117682566	20240702
117682584	105320152	LOC117682584	20240702
117682586	117682587	LOC117682586	20240702
117682595	117689696	LOC117682595	20240702
117682598	117691338	LOC117682598	20240702
117682601	105328875	LOC117682601	20240702
117682605	117682604	LOC117682605	20240702
117682606	105332506	LOC117682606	20240702
117682610	117682604	LOC117682610	20240702
117682612	105332506	LOC117682612	20240702
117682615	105342246	LOC117682615	20240702
117682619	105342249	LOC117682619	20240702
117682620	117684679	LOC117682620	20240702
117682631	105321647	LOC117682631	20240702
117682634	105334091	LOC117682634	20240702
117682636	105340285	LOC117682636	20240702
117682637	105340288	LOC117682637	20240702
117682654	105320193	LOC117682654	20240702
117682656	117682651	LOC117682656	20240702
117682657	105343252	LOC117682657	20240702
117682659	105338153	LOC117682659	20240702
117682660	117682662	LOC117682660	20240702
117682665	117682515	LOC117682665	20240702
117682666	105338153	LOC117682666	20240702
117682667	105324402	LOC117682667	20240702
117682675	105324931	LOC117682675	20240702
117682679	105324936	LOC117682679	20240702
117682680	117687068	LOC117682680	20240702
117682683	117685953	LOC117682683	20240702
117682697	105337627	LOC117682697	20240702
117682703	105342630	LOC117682703	20240702
117682707	105341168	LOC117682707	20240702
117682710	105331957	LOC117682710	20240702
117682716	109621053	LOC117682716	20240702
117682730	117683289	LOC117682730	20240702
117682734	105323041	LOC117682734	20240702
117682735	117686824	LOC117682735	20240702
117682736	117686824	LOC117682736	20240702
117682746	105347510	LOC117682746	20240702
117682748	105347516	LOC117682748	20240702
117682749	105347510	LOC117682749	20240702
117682751	105341898	LOC117682751	20240702
117682753	105341898	LOC117682753	20240702
117682757	117682752	LOC117682757	20240702
117682761	105331212	LOC117682761	20240702
117682762	117682760	LOC117682762	20240702
117682763	105333378	LOC117682763	20240702
117682765	117682764	LOC117682765	20240702
117682770	109619615	LOC117682770	20240702
117682778	105343875	LOC117682778	20240702
117682790	105326318	LOC117682790	20240702
117682795	117684779	LOC117682795	20240702
117682797	105326769	LOC117682797	20240702
117682803	105326174	LOC117682803	20240702
117682809	105338066	LOC117682809	20240702
117682810	105338067	LOC117682810	20240702
117682811	105338062	LOC117682811	20240702
117682815	105326418	LOC117682815	20240702
117682816	105335893	LOC117682816	20240702
117682818	105345323	LOC117682818	20240702
117682821	105323398	LOC117682821	20240702
117682822	105323398	LOC117682822	20240702
117682828	105341568	LOC117682828	20240702
117682837	117682836	LOC117682837	20240702
117682838	117682127	LOC117682838	20240702
117682841	105317552	LOC117682841	20240702
117682843	117682340	LOC117682843	20240702
117682846	105342442	LOC117682846	20240702
117682852	117682381	LOC117682852	20240702
117682856	105320202	LOC117682856	20240702
117682857	105320175	LOC117682857	20240702
117682858	105346453	LOC117682858	20240702
117682860	117682859	LOC117682860	20240702
117682861	117682870	LOC117682861	20240702
117682863	105335819	LOC117682863	20240702
117682866	117682862	LOC117682866	20240702
117682868	117688517	LOC117682868	20240702
117682869	117682870	LOC117682869	20240702
117682871	105320185	LOC117682871	20240702
117682872	105320194	LOC117682872	20240702
117682876	117685878	LOC117682876	20240702
117682882	117689303	LOC117682882	20240702
117682887	105345661	LOC117682887	20240702
117682906	117680721	LOC117682906	20240702
117682913	117683041	LOC117682913	20240702
117682925	105328451	LOC117682925	20240702
117682933	117683293	LOC117682933	20240702
117682934	105328451	LOC117682934	20240702
117682938	117682916	LOC117682938	20240702
117682942	105326353	LOC117682942	20240702
117682944	117682943	LOC117682944	20240702
117682949	117681884	LOC117682949	20240702
117682951	117692869	LOC117682951	20240702
117682952	109620656	LOC117682952	20240702
117682954	117682436	LOC117682954	20240702
117682962	109619205	LOC117682962	20240702
117682967	117691086	LOC117682967	20240702
117682968	105331182	LOC117682968	20240702
117682971	117688983	LOC117682971	20240702
117682972	105346926	LOC117682972	20240702
117682979	117687631	LOC117682979	20240702
117682985	105332331	LOC117682985	20240702
117682987	117684429	LOC117682987	20240702
117682990	117682989	LOC117682990	20240702
117682992	105323608	LOC117682992	20240702
117682999	105321485	LOC117682999	20240702
117683009	105339339	LOC117683009	20240702
117683014	105339890	LOC117683014	20240702
117683015	105327024	LOC117683015	20240702
117683016	105327024	LOC117683016	20240702
117683019	105334077	LOC117683019	20240702
117683020	117680568	LOC117683020	20240702
117683031	105340166	LOC117683031	20240702
117683033	105326875	LOC117683033	20240702
117683034	105326875	LOC117683034	20240702
117683036	105335767	LOC117683036	20240702
117683037	117682038	LOC117683037	20240702
117683045	105337992	LOC117683045	20240702
117683056	117683055	LOC117683056	20240702
117683058	117688246	LOC117683058	20240702
117683062	105339616	LOC117683062	20240702
117683066	105340065	LOC117683066	20240702
117683068	105324402	LOC117683068	20240702
117683069	117683070	LOC117683069	20240702
117683073	117682813	LOC117683073	20240702
117683074	105326375	LOC117683074	20240702
117683075	105323398	LOC117683075	20240702
117683077	105338064	LOC117683077	20240702
117683079	105323192	LOC117683079	20240702
117683084	105342249	LOC117683084	20240702
117683091	105328535	LOC117683091	20240702
117683097	109619921	LOC117683097	20240702
117683100	105318884	LOC117683100	20240702
117683110	105339510	LOC117683110	20240702
117683111	105328536	LOC117683111	20240702
117683112	117686416	LOC117683112	20240702
117683113	117686416	LOC117683113	20240702
117683116	117684078	LOC117683116	20240702
117683120	105322531	LOC117683120	20240702
117683128	105333841	LOC117683128	20240702
117683129	105320152	LOC117683129	20240702
117683130	105347512	LOC117683130	20240702
117683131	117682745	LOC117683131	20240702
117683132	105321646	LOC117683132	20240702
117683134	105348020	LOC117683134	20240702
117683149	105340286	LOC117683149	20240702
117683151	117683153	LOC117683151	20240702
117683163	105347927	LOC117683163	20240702
117683164	105347916	LOC117683164	20240702
117683166	105335683	LOC117683166	20240702
117683168	105346830	LOC117683168	20240702
117683171	105334371	LOC117683171	20240702
117683174	117693159	LOC117683174	20240702
117683181	117683182	LOC117683181	20240702
117683184	105348346	LOC117683184	20240702
117683193	117683189	LOC117683193	20240702
117683200	105327114	LOC117683200	20240702
117683201	117683207	LOC117683201	20240702
117683208	117683178	LOC117683208	20240702
117683210	117689670	LOC117683210	20240702
117683213	117683180	LOC117683213	20240702
117683216	105328549	LOC117683216	20240702
117683222	117686937	LOC117683222	20240702
117683234	109618837	LOC117683234	20240702
117683235	117684413	LOC117683235	20240702
117683240	117683239	LOC117683240	20240702
117683243	105317858	LOC117683243	20240702
117683247	105347632	LOC117683247	20240702
117683252	105324115	LOC117683252	20240702
117683256	105345084	LOC117683256	20240702
117683260	105330985	LOC117683260	20240702
117683282	117683258	LOC117683282	20240702
117683283	105341139	LOC117683283	20240702
117683285	105341069	LOC117683285	20240702
117683291	105318895	LOC117683291	20240702
117683292	105345752	LOC117683292	20240702
117683294	105347617	LOC117683294	20240702
117683296	117682426	LOC117683296	20240702
117683303	105335767	LOC117683303	20240702
117683304	105320878	LOC117683304	20240702
117683307	117689303	LOC117683307	20240702
117683313	105322792	LOC117683313	20240702
117683322	117681926	LOC117683322	20240702
117683323	117683392	LOC117683323	20240702
117683327	117681927	LOC117683327	20240702
117683332	117681926	LOC117683332	20240702
117683337	117681919	LOC117683337	20240702
117683341	117683346	LOC117683341	20240702
117683350	117681912	LOC117683350	20240702
117683352	117681913	LOC117683352	20240702
117683354	117681912	LOC117683354	20240702
117683355	117681916	LOC117683355	20240702
117683356	117681913	LOC117683356	20240702
117683358	117681916	LOC117683358	20240702
117683360	117681913	LOC117683360	20240702
117683361	117681912	LOC117683361	20240702
117683362	117681916	LOC117683362	20240702
117683363	117681919	LOC117683363	20240702
117683365	117681913	LOC117683365	20240702
117683372	117683366	LOC117683372	20240702
117683373	117683366	LOC117683373	20240702
117683374	117683366	LOC117683374	20240702
117683376	117683366	LOC117683376	20240702
117683377	117683366	LOC117683377	20240702
117683384	117681926	LOC117683384	20240702
117683385	117683324	LOC117683385	20240702
117683387	117681927	LOC117683387	20240702
117683389	117681912	LOC117683389	20240702
117683393	117683392	LOC117683393	20240702
117683394	117681927	LOC117683394	20240702
117683410	105341490	LOC117683410	20240702
117683411	105341490	LOC117683411	20240702
117683413	117686958	LOC117683413	20240702
117683417	105336169	LOC117683417	20240702
117683433	105326801	LOC117683433	20240702
117683444	105342799	LOC117683444	20240702
117683447	117683448	LOC117683447	20240702
117683453	105343045	LOC117683453	20240702
117683461	117688041	LOC117683461	20240702
117683463	117683930	LOC117683463	20240702
117683464	105343381	LOC117683464	20240702
117683472	105334289	LOC117683472	20240702
117683473	105327351	LOC117683473	20240702
117683474	117683891	LOC117683474	20240702
117683483	117683484	LOC117683483	20240702
117683492	105329107	LOC117683492	20240702
117683505	105339293	LOC117683505	20240702
117683507	117683510	LOC117683507	20240702
117683515	117683516	LOC117683515	20240702
117683517	117688677	LOC117683517	20240702
117683530	105345767	LOC117683530	20240702
117683555	105318780	LOC117683555	20240702
117683557	105344689	LOC117683557	20240702
117683559	105343870	LOC117683559	20240702
117683561	117683560	LOC117683561	20240702
117683562	117683563	LOC117683562	20240702
117683564	105317397	LOC117683564	20240702
117683565	117683563	LOC117683565	20240702
117683566	105327168	LOC117683566	20240702
117683568	117690763	LOC117683568	20240702
117683571	117680569	LOC117683571	20240702
117683579	105325361	LOC117683579	20240702
117683581	105339307	LOC117683581	20240702
117683585	105334287	LOC117683585	20240702
117683586	117690063	LOC117683586	20240702
117683600	105337393	LOC117683600	20240702
117683605	105347615	LOC117683605	20240702
117683607	105337393	LOC117683607	20240702
117683608	105336018	LOC117683608	20240702
117683610	105334290	LOC117683610	20240702
117683613	117690891	LOC117683613	20240702
117683614	109617184	LOC117683614	20240702
117683616	105337393	LOC117683616	20240702
117683617	105327636	LOC117683617	20240702
117683643	117684065	LOC117683643	20240702
117683654	117683656	LOC117683654	20240702
117683655	117680405	LOC117683655	20240702
117683658	117683657	LOC117683658	20240702
117683659	117683757	LOC117683659	20240702
117683661	117680405	LOC117683661	20240702
117683665	117688883	LOC117683665	20240702
117683673	117683769	LOC117683673	20240702
117683677	109617800	LOC117683677	20240702
117683678	117683663	LOC117683678	20240702
117683679	117691375	LOC117683679	20240702
117683682	109619524	LOC117683682	20240702
117683684	117692010	LOC117683684	20240702
117683687	105327195	LOC117683687	20240702
117683688	105337361	LOC117683688	20240702
117683691	105332837	LOC117683691	20240702
117683696	105347843	LOC117683696	20240702
117683699	105337362	LOC117683699	20240702
117683703	117683709	LOC117683703	20240702
117683704	117683709	LOC117683704	20240702
117683705	117683709	LOC117683705	20240702
117683707	117683709	LOC117683707	20240702
117683708	105338757	LOC117683708	20240702
117683713	117683714	LOC117683713	20240702
117683715	117683714	LOC117683715	20240702
117683716	117683714	LOC117683716	20240702
117683720	117689098	LOC117683720	20240702
117683723	117683909	LOC117683723	20240702
117683732	117681800	LOC117683732	20240702
117683733	105348909	LOC117683733	20240702
117683741	105340501	LOC117683741	20240702
117683744	117684032	LOC117683744	20240702
117683746	105333054	LOC117683746	20240702
117683748	105333038	LOC117683748	20240702
117683749	117681800	LOC117683749	20240702
117683753	105344182	LOC117683753	20240702
117683756	105318527	LOC117683756	20240702
117683758	105334238	LOC117683758	20240702
117683773	105331180	LOC117683773	20240702
117683778	117683845	LOC117683778	20240702
117683780	105339797	LOC117683780	20240702
117683781	105324360	LOC117683781	20240702
117683789	117683790	LOC117683789	20240702
117683792	117691650	LOC117683792	20240702
117683794	117683793	LOC117683794	20240702
117683795	117683793	LOC117683795	20240702
117683799	105338276	LOC117683799	20240702
117683801	117683802	LOC117683801	20240702
117683803	105317251	LOC117683803	20240702
117683808	117693159	LOC117683808	20240702
117683813	117690141	LOC117683813	20240702
117683840	105331245	LOC117683840	20240702
117683843	117683776	LOC117683843	20240702
117683846	105341652	LOC117683846	20240702
117683848	117683845	LOC117683848	20240702
117683849	105327863	LOC117683849	20240702
117683855	105322280	LOC117683855	20240702
117683864	105334283	LOC117683864	20240702
117683865	117684089	LOC117683865	20240702
117683866	117684089	LOC117683866	20240702
117683868	105343045	LOC117683868	20240702
117683871	117683870	LOC117683871	20240702
117683872	117683870	LOC117683872	20240702
117683873	117683870	LOC117683873	20240702
117683874	109617680	LOC117683874	20240702
117683876	109620931	LOC117683876	20240702
117683877	109620931	LOC117683877	20240702
117683882	105346536	LOC117683882	20240702
117683883	105346535	LOC117683883	20240702
117683884	117685654	LOC117683884	20240702
117683888	105332957	LOC117683888	20240702
117683892	105325133	LOC117683892	20240702
117683893	117683894	LOC117683893	20240702
117683897	117688309	LOC117683897	20240702
117683905	105323145	LOC117683905	20240702
117683911	117682550	LOC117683911	20240702
117683925	105340635	LOC117683925	20240702
117683941	117683640	LOC117683941	20240702
117683947	117683470	LOC117683947	20240704
117683949	105334505	LOC117683949	20240702
117683964	109621173	LOC117683964	20240702
117683965	109620060	LOC117683965	20240702
117683968	105339273	LOC117683968	20240702
117683969	105339273	LOC117683969	20240702
117683970	105339274	LOC117683970	20240702
117683971	105339276	LOC117683971	20240702
117683982	117687068	LOC117683982	20240702
117683985	117691224	LOC117683985	20240702
117683987	117685630	LOC117683987	20240702
117683989	117683857	LOC117683989	20240702
117683999	117683998	LOC117683999	20240702
117684000	105341401	LOC117684000	20240702
117684001	105331213	LOC117684001	20240702
117684002	117680642	LOC117684002	20240702
117684009	105338198	LOC117684009	20240702
117684010	105326355	LOC117684010	20240702
117684013	117684012	LOC117684013	20240702
117684019	105329222	LOC117684019	20240702
117684021	117684020	LOC117684021	20240702
117684027	117685997	LOC117684027	20240702
117684031	117683742	LOC117684031	20240702
117684033	105346049	LOC117684033	20240702
117684036	109620961	LOC117684036	20240702
117684044	105336041	LOC117684044	20240702
117684048	105333030	LOC117684048	20240702
117684049	105333038	LOC117684049	20240702
117684050	105333038	LOC117684050	20240702
117684056	117684055	LOC117684056	20240702
117684058	117684052	LOC117684058	20240702
117684063	105342382	LOC117684063	20240702
117684066	117690498	LOC117684066	20240702
117684075	117688813	LOC117684075	20240702
117684080	105333550	LOC117684080	20240702
117684084	105325213	LOC117684084	20240702
117684087	105334284	LOC117684087	20240702
117684088	105328932	LOC117684088	20240702
117684090	105327574	LOC117684090	20240702
117684091	105322280	LOC117684091	20240702
117684102	105348277	LOC117684102	20240702
117684104	105340763	LOC117684104	20240702
117684120	105329355	LOC117684120	20240702
117684122	105329347	LOC117684122	20240702
117684124	105329355	LOC117684124	20240702
117684128	105329364	LOC117684128	20240702
117684136	117684138	LOC117684136	20240702
117684139	105331545	LOC117684139	20240702
117684140	105331531	LOC117684140	20240702
117684146	105325687	LOC117684146	20240702
117684147	105325511	LOC117684147	20240702
117684149	105332566	LOC117684149	20240702
117684161	117682447	LOC117684161	20240702
117684162	105321606	LOC117684162	20240702
117684166	105344679	LOC117684166	20240702
117684167	105326145	LOC117684167	20240702
117684171	109620086	LOC117684171	20240702
117684195	105346184	LOC117684195	20240702
117684196	105346184	LOC117684196	20240702
117684198	105331241	LOC117684198	20240702
117684207	117684315	LOC117684207	20240702
117684210	105329496	LOC117684210	20240702
117684217	105336585	LOC117684217	20240702
117684218	105322280	LOC117684218	20240702
117684219	105335099	LOC117684219	20240702
117684221	117690277	LOC117684221	20240702
117684223	105347633	LOC117684223	20240702
117684230	117684253	LOC117684230	20240702
117684232	105334301	LOC117684232	20240702
117684238	105331246	LOC117684238	20240702
117684245	105318499	LOC117684245	20240702
117684246	109620086	LOC117684246	20240702
117684250	105318503	LOC117684250	20240702
117684254	105342319	LOC117684254	20240702
117684262	117691617	LOC117684262	20240702
117684271	105339530	LOC117684271	20240702
117684274	105324920	LOC117684274	20240702
117684276	105321737	LOC117684276	20240702
117684289	109617047	LOC117684289	20240702
117684295	105346129	LOC117684295	20240702
117684297	105346130	LOC117684297	20240702
117684300	105335419	LOC117684300	20240702
117684301	105341713	LOC117684301	20240702
117684302	117684303	LOC117684302	20240702
117684326	117683270	LOC117684326	20240702
117684330	105322968	LOC117684330	20240702
117684336	105334096	LOC117684336	20240702
117684342	105335827	LOC117684342	20240702
117684344	105341924	LOC117684344	20240702
117684357	109617986	LOC117684357	20240702
117684366	105348988	LOC117684366	20240702
117684368	105318056	LOC117684368	20240702
117684369	105341924	LOC117684369	20240702
117684370	117693051	LOC117684370	20240702
117684371	117693051	LOC117684371	20240702
117684372	117682423	LOC117684372	20240702
117684379	105343347	LOC117684379	20240702
117684385	109619340	LOC117684385	20240702
117684387	105327377	LOC117684387	20240702
117684390	117690183	LOC117684390	20240702
117684391	105340514	LOC117684391	20240702
117684392	117688671	LOC117684392	20240702
117684394	105343244	LOC117684394	20240702
117684396	105336802	LOC117684396	20240702
117684397	105321031	LOC117684397	20240702
117684399	105341674	LOC117684399	20240702
117684401	117684400	LOC117684401	20240702
117684405	117682397	LOC117684405	20240702
117684408	105328968	LOC117684408	20240702
117684411	105336329	LOC117684411	20240702
117684414	105320677	LOC117684414	20240702
117684415	105320676	LOC117684415	20240702
117684417	105320676	LOC117684417	20240702
117684418	105339850	LOC117684418	20240702
117684425	117691465	LOC117684425	20240702
117684430	105342884	LOC117684430	20240702
117684431	117688202	LOC117684431	20240702
117684438	105331289	LOC117684438	20240702
117684439	105332871	LOC117684439	20240702
117684447	105346961	LOC117684447	20240702
117684450	117684451	LOC117684450	20240702
117684456	117685183	LOC117684456	20240702
117684458	105338580	LOC117684458	20240702
117684478	105323728	LOC117684478	20240702
117684481	105347396	LOC117684481	20240702
117684486	105329630	LOC117684486	20240702
117684491	105344090	LOC117684491	20240702
117684493	105334959	LOC117684493	20240702
117684499	105330343	LOC117684499	20240702
117684501	105331286	LOC117684501	20240702
117684505	105330502	LOC117684505	20240702
117684506	105330502	LOC117684506	20240702
117684511	117684906	LOC117684511	20240702
117684515	105335784	LOC117684515	20240702
117684526	105318823	LOC117684526	20240702
117684542	105342358	LOC117684542	20240702
117684543	105342357	LOC117684543	20240702
117684547	109617505	LOC117684547	20240702
117684552	105318061	LOC117684552	20240702
117684553	105318061	LOC117684553	20240702
117684555	105349185	LOC117684555	20240702
117684566	117683140	LOC117684566	20240702
117684568	105343799	LOC117684568	20240702
117684569	105343799	LOC117684569	20240702
117684573	105336585	LOC117684573	20240702
117684585	105330279	LOC117684585	20240702
117684592	117684971	LOC117684592	20240702
117684594	117684590	LOC117684594	20240702
117684602	105335367	LOC117684602	20240702
117684608	117684590	LOC117684608	20240702
117684614	105328347	LOC117684614	20240702
117684615	105329486	LOC117684615	20240702
117684617	105329449	LOC117684617	20240702
117684620	105329451	LOC117684620	20240702
117684621	105329448	LOC117684621	20240702
117684623	105328337	LOC117684623	20240702
117684624	105328342	LOC117684624	20240702
117684625	105330921	LOC117684625	20240702
117684626	105328343	LOC117684626	20240702
117684627	117684226	LOC117684627	20240702
117684628	105340362	LOC117684628	20240702
117684630	105325133	LOC117684630	20240702
117684633	105340326	LOC117684633	20240702
117684634	117689303	LOC117684634	20240702
117684635	105340325	LOC117684635	20240702
117684640	105334045	LOC117684640	20240702
117684646	105347229	LOC117684646	20240702
117684647	105334301	LOC117684647	20240702
117684656	105334800	LOC117684656	20240702
117684667	105332198	LOC117684667	20240702
117684671	117684672	LOC117684671	20240702
117684673	117684672	LOC117684673	20240702
117684674	105317425	LOC117684674	20240702
117684689	105324004	LOC117684689	20240702
117684691	105338172	LOC117684691	20240702
117684692	117680383	LOC117684692	20240702
117684700	105337425	LOC117684700	20240702
117684702	105337425	LOC117684702	20240702
117684710	105334959	LOC117684710	20240702
117684711	105334959	LOC117684711	20240702
117684713	105335530	LOC117684713	20240702
117684729	105333893	LOC117684729	20240702
117684730	105324322	LOC117684730	20240702
117684731	105328608	LOC117684731	20240702
117684733	105324323	LOC117684733	20240702
117684743	117685067	LOC117684743	20240702
117684746	105329532	LOC117684746	20240702
117684747	105322645	LOC117684747	20240702
117684758	117686987	LOC117684758	20240702
117684765	105325418	LOC117684765	20240702
117684769	105317700	LOC117684769	20240702
117684777	105325511	LOC117684777	20240702
117684786	105321622	LOC117684786	20240702
117684787	109617043	LOC117684787	20240702
117684799	105344514	LOC117684799	20240702
117684804	117690507	LOC117684804	20240702
117684807	117684806	LOC117684807	20240702
117684816	105344812	LOC117684816	20240702
117684817	109620796	LOC117684817	20240702
117684819	117684818	LOC117684819	20240702
117684824	117685555	LOC117684824	20240702
117684825	105339079	LOC117684825	20240702
117684826	117685555	LOC117684826	20240702
117684832	105347397	LOC117684832	20240702
117684833	105347397	LOC117684833	20240702
117684834	105328525	LOC117684834	20240702
117684836	117690616	LOC117684836	20240702
117684840	105340715	LOC117684840	20240702
117684841	105338291	LOC117684841	20240702
117684851	105326149	LOC117684851	20240702
117684853	105326146	LOC117684853	20240702
117684854	105326147	LOC117684854	20240702
117684867	105348082	LOC117684867	20240702
117684869	105348078	LOC117684869	20240702
117684873	105348089	LOC117684873	20240702
117684877	105330502	LOC117684877	20240702
117684878	105330502	LOC117684878	20240702
117684886	105326705	LOC117684886	20240702
117684901	105327838	LOC117684901	20240702
117684902	105332623	LOC117684902	20240702
117684910	105338325	LOC117684910	20240702
117684914	117684913	LOC117684914	20240702
117684915	105333177	LOC117684915	20240702
117684918	105339810	LOC117684918	20240702
117684924	105348489	LOC117684924	20240702
117684952	109617622	LOC117684952	20240702
117684955	117682402	LOC117684955	20240702
117684958	105328759	LOC117684958	20240702
117684959	105328759	LOC117684959	20240702
117684962	117684961	LOC117684962	20240702
117684963	117693028	LOC117684963	20240702
117684970	105342442	LOC117684970	20240702
117684972	109620350	LOC117684972	20240702
117685033	117685034	LOC117685033	20240702
117685035	105328126	LOC117685035	20240702
117685036	105328116	LOC117685036	20240702
117685038	105318911	LOC117685038	20240702
117685040	105334301	LOC117685040	20240702
117685043	105333349	LOC117685043	20240702
117685044	117681441	LOC117685044	20240702
117685048	105328125	LOC117685048	20240702
117685050	105344873	LOC117685050	20240702
117685052	105319175	LOC117685052	20240702
117685054	117680490	LOC117685054	20240702
117685058	105328129	LOC117685058	20240702
117685061	117687488	LOC117685061	20240702
117685062	105327134	LOC117685062	20240702
117685071	117684186	LOC117685071	20240702
117685074	105346393	LOC117685074	20240702
117685078	105321429	LOC117685078	20240702
117685082	105338834	LOC117685082	20240702
117685085	109620479	LOC117685085	20240702
117685095	117685856	LOC117685095	20240702
117685096	105322507	LOC117685096	20240702
117685100	117685136	LOC117685100	20240702
117685101	117681525	LOC117685101	20240702
117685109	117689059	LOC117685109	20240702
117685112	105346730	LOC117685112	20240702
117685117	117681475	LOC117685117	20240702
117685126	105329201	LOC117685126	20240702
117685129	105338750	LOC117685129	20240702
117685130	117686301	LOC117685130	20240702
117685131	105322507	LOC117685131	20240702
117685133	117692722	LOC117685133	20240702
117685138	117685626	LOC117685138	20240702
117685139	109618939	LOC117685139	20240702
117685149	117686452	LOC117685149	20240702
117685162	105329232	LOC117685162	20240702
117685169	117688631	LOC117685169	20240702
117685171	117685811	LOC117685171	20240702
117685176	117686880	LOC117685176	20240702
117685178	117686880	LOC117685178	20240702
117685182	105338236	LOC117685182	20240702
117685187	109617184	LOC117685187	20240702
117685194	105328991	LOC117685194	20240702
117685195	105334851	LOC117685195	20240702
117685196	105334850	LOC117685196	20240702
117685199	117691718	LOC117685199	20240702
117685200	117685103	LOC117685200	20240702
117685203	105328048	LOC117685203	20240702
117685210	117685102	LOC117685210	20240702
117685218	105330796	LOC117685218	20240702
117685227	117685764	LOC117685227	20240702
117685229	117686054	LOC117685229	20240702
117685233	105343123	LOC117685233	20240702
117685238	109621173	LOC117685238	20240702
117685241	105319494	LOC117685241	20240702
117685244	105319494	LOC117685244	20240702
117685249	105333666	LOC117685249	20240702
117685253	105337643	LOC117685253	20240702
117685255	117686380	LOC117685255	20240702
117685258	117685989	LOC117685258	20240702
117685259	117686880	LOC117685259	20240702
117685261	105330690	LOC117685261	20240702
117685263	105342298	LOC117685263	20240702
117685264	117686880	LOC117685264	20240702
117685269	117689185	LOC117685269	20240702
117685277	105338319	LOC117685277	20240702
117685278	105329364	LOC117685278	20240702
117685281	117689926	LOC117685281	20240702
117685284	105342298	LOC117685284	20240702
117685287	105333483	LOC117685287	20240702
117685288	105322173	LOC117685288	20240702
117685290	117687332	LOC117685290	20240702
117685291	109617931	LOC117685291	20240702
117685292	105346730	LOC117685292	20240702
117685293	117686988	LOC117685293	20240702
117685295	109618206	LOC117685295	20240702
117685296	117685540	LOC117685296	20240702
117685300	105328116	LOC117685300	20240702
117685301	105328116	LOC117685301	20240702
117685307	117692960	LOC117685307	20240702
117685312	105333180	LOC117685312	20240702
117685329	117681525	LOC117685329	20240702
117685334	105339058	LOC117685334	20240702
117685336	105319021	LOC117685336	20240702
117685342	105344935	LOC117685342	20240702
117685345	117687615	LOC117685345	20240702
117685346	105324938	LOC117685346	20240702
117685352	117688987	LOC117685352	20240702
117685355	105324932	LOC117685355	20240702
117685363	117685197	LOC117685363	20240702
117685367	105334210	LOC117685367	20240702
117685370	117692163	LOC117685370	20240702
117685372	105342167	LOC117685372	20240702
117685380	105324666	LOC117685380	20240702
117685383	117687851	LOC117685383	20240702
117685392	117685394	LOC117685392	20240702
117685395	117691291	LOC117685395	20240702
117685400	105320144	LOC117685400	20240702
117685404	117687813	LOC117685404	20240702
117685408	117687838	LOC117685408	20240702
117685411	117692636	LOC117685411	20240702
117685413	105342677	LOC117685413	20240702
117685417	109619072	LOC117685417	20240702
117685418	117681872	LOC117685418	20240702
117685419	105336680	LOC117685419	20240702
117685420	105327838	LOC117685420	20240702
117685421	105328163	LOC117685421	20240702
117685424	117681796	LOC117685424	20240702
117685433	117688953	LOC117685433	20240702
117685434	109618231	LOC117685434	20240702
117685437	117688273	LOC117685437	20240702
117685438	117692634	LOC117685438	20240702
117685442	117684715	LOC117685442	20240702
117685444	117685156	LOC117685444	20240702
117685446	117685166	LOC117685446	20240702
117685449	117685997	LOC117685449	20240702
117685450	117683604	LOC117685450	20240702
117685451	105322887	LOC117685451	20240702
117685452	105337057	LOC117685452	20240702
117685453	117681475	LOC117685453	20240702
117685456	117685087	LOC117685456	20240702
117685458	117688207	LOC117685458	20240702
117685460	105331205	LOC117685460	20240702
117685465	117681475	LOC117685465	20240702
117685468	105329201	LOC117685468	20240702
117685472	105342298	LOC117685472	20240702
117685474	117681975	LOC117685474	20240702
117685476	117688577	LOC117685476	20240702
117685480	105348726	LOC117685480	20240702
117685482	105346392	LOC117685482	20240702
117685483	105346392	LOC117685483	20240702
117685487	105340250	LOC117685487	20240702
117685489	105325800	LOC117685489	20240702
117685490	105324838	LOC117685490	20240702
117685494	105319922	LOC117685494	20240702
117685495	105319922	LOC117685495	20240702
117685497	117690639	LOC117685497	20240702
117685498	117685958	LOC117685498	20240702
117685514	117688953	LOC117685514	20240702
117685518	117685535	LOC117685518	20240702
117685519	105326032	LOC117685519	20240702
117685531	117685772	LOC117685531	20240702
117685536	117685810	LOC117685536	20240702
117685539	117688631	LOC117685539	20240702
117685541	105342298	LOC117685541	20240702
117685543	109617898	LOC117685543	20240702
117685546	117686380	LOC117685546	20240702
117685549	117685993	LOC117685549	20240702
117685556	117685758	LOC117685556	20240702
117685562	105344607	LOC117685562	20240702
117685565	105346231	LOC117685565	20240702
117685569	117683059	LOC117685569	20240702
117685572	117689123	LOC117685572	20240702
117685573	117689419	LOC117685573	20240702
117685575	105343103	LOC117685575	20240702
117685579	105343101	LOC117685579	20240702
117685584	105329192	LOC117685584	20240702
117685585	117685581	LOC117685585	20240702
117685587	117692275	LOC117685587	20240702
117685588	109621156	LOC117685588	20240702
117685589	109621156	LOC117685589	20240702
117685590	109621156	LOC117685590	20240702
117685591	117690368	LOC117685591	20240702
117685592	117690368	LOC117685592	20240702
117685593	109621156	LOC117685593	20240702
117685597	117690699	LOC117685597	20240702
117685599	117685102	LOC117685599	20240702
117685608	117685993	LOC117685608	20240702
117685609	105331836	LOC117685609	20240702
117685614	117685520	LOC117685614	20240702
117685621	117691148	LOC117685621	20240702
117685629	105331894	LOC117685629	20240702
117685631	117685086	LOC117685631	20240702
117685633	117681062	LOC117685633	20240702
117685636	117686399	LOC117685636	20240702
117685640	117685607	LOC117685640	20240702
117685643	105345269	LOC117685643	20240702
117685648	105338666	LOC117685648	20240702
117685651	105320877	LOC117685651	20240702
117685652	105320878	LOC117685652	20240702
117685653	117687336	LOC117685653	20240702
117685657	105342754	LOC117685657	20240702
117685663	105333235	LOC117685663	20240702
117685664	105333232	LOC117685664	20240702
117685665	105333230	LOC117685665	20240702
117685666	105333231	LOC117685666	20240702
117685668	117691277	LOC117685668	20240702
117685670	117685237	LOC117685670	20240702
117685674	117681475	LOC117685674	20240702
117685676	109620079	LOC117685676	20240702
117685678	117686119	LOC117685678	20240702
117685684	105330548	LOC117685684	20240702
117685686	105319480	LOC117685686	20240702
117685690	117688461	LOC117685690	20240702
117685691	117680374	LOC117685691	20240702
117685692	117686111	LOC117685692	20240702
117685694	117692625	LOC117685694	20240702
117685695	117685086	LOC117685695	20240702
117685700	105342298	LOC117685700	20240702
117685702	117686878	LOC117685702	20240702
117685703	105331205	LOC117685703	20240702
117685704	117685166	LOC117685704	20240702
117685706	117685156	LOC117685706	20240702
117685707	105322774	LOC117685707	20240702
117685708	117686199	LOC117685708	20240702
117685713	117688461	LOC117685713	20240702
117685714	105336208	LOC117685714	20240702
117685717	105337577	LOC117685717	20240702
117685718	105337577	LOC117685718	20240702
117685719	105328262	LOC117685719	20240702
117685721	117685722	LOC117685721	20240702
117685724	105336560	LOC117685724	20240702
117685726	117691325	LOC117685726	20240702
117685731	105336207	LOC117685731	20240702
117685734	105336208	LOC117685734	20240702
117685735	105331205	LOC117685735	20240702
117685740	105331205	LOC117685740	20240702
117685743	117686878	LOC117685743	20240702
117685745	117693158	LOC117685745	20240702
117685747	105335989	LOC117685747	20240702
117685748	117687988	LOC117685748	20240702
117685749	105335990	LOC117685749	20240702
117685751	105335990	LOC117685751	20240702
117685756	117685755	LOC117685756	20240702
117685757	105332721	LOC117685757	20240704
117685762	105334904	LOC117685762	20240702
117685763	117688866	LOC117685763	20240702
117685768	105331908	LOC117685768	20240702
117685777	117686380	LOC117685777	20240702
117685779	105319839	LOC117685779	20240702
117685781	117690163	LOC117685781	20240702
117685786	117685767	LOC117685786	20240702
117685787	105329201	LOC117685787	20240702
117685792	117685761	LOC117685792	20240702
117685798	105332330	LOC117685798	20240702
117685805	117681525	LOC117685805	20240702
117685809	117685544	LOC117685809	20240702
117685813	105346730	LOC117685813	20240702
117685814	105325790	LOC117685814	20240702
117685819	105322541	LOC117685819	20240702
117685823	105322542	LOC117685823	20240704
117685824	117680495	LOC117685824	20240702
117685831	105343550	LOC117685831	20240702
117685833	105343550	LOC117685833	20240702
117685835	109617199	LOC117685835	20240702
117685837	117680495	LOC117685837	20240702
117685840	117684715	LOC117685840	20240702
117685842	117691277	LOC117685842	20240702
117685845	105343550	LOC117685845	20240702
117685847	117685124	LOC117685847	20240702
117685848	117685123	LOC117685848	20240702
117685852	117685207	LOC117685852	20240702
117685854	117680642	LOC117685854	20240702
117685855	105333483	LOC117685855	20240702
117685858	117688843	LOC117685858	20240702
117685866	117686111	LOC117685866	20240702
117685867	117686119	LOC117685867	20240702
117685868	117686054	LOC117685868	20240702
117685881	105330034	LOC117685881	20240702
117685886	105330796	LOC117685886	20240702
117685892	105348034	LOC117685892	20240702
117685893	117688213	LOC117685893	20240702
117685897	109617964	LOC117685897	20240702
117685904	105343980	LOC117685904	20240702
117685907	117685475	LOC117685907	20240702
117685911	117685912	LOC117685911	20240702
117685913	117685526	LOC117685913	20240702
117685918	117683604	LOC117685918	20240702
117685919	105346392	LOC117685919	20240702
117685936	105324792	LOC117685936	20240702
117685938	117682195	LOC117685938	20240702
117685939	117682195	LOC117685939	20240702
117685941	105348472	LOC117685941	20240702
117685942	109617185	LOC117685942	20240702
117685951	117686179	LOC117685951	20240702
117685952	117687068	LOC117685952	20240702
117685955	117685607	LOC117685955	20240704
117685959	117683597	LOC117685959	20240702
117685961	105329201	LOC117685961	20240702
117685968	105342678	LOC117685968	20240702
117685969	117690275	LOC117685969	20240702
117685972	117683484	LOC117685972	20240702
117685974	105348109	LOC117685974	20240702
117685975	117690154	LOC117685975	20240702
117685976	117682256	LOC117685976	20240702
117685978	105341516	LOC117685978	20240702
117685979	105341516	LOC117685979	20240702
117685980	117690148	LOC117685980	20240702
117685982	117685861	LOC117685982	20240702
117685984	117690152	LOC117685984	20240702
117685988	105322916	LOC117685988	20240702
117685990	105329795	LOC117685990	20240702
117685991	117687515	LOC117685991	20240702
117685995	105338723	LOC117685995	20240702
117686013	105331205	LOC117686013	20240702
117686015	105348038	LOC117686015	20240702
117686016	105334904	LOC117686016	20240702
117686018	117685755	LOC117686018	20240702
117686020	117685607	LOC117686020	20240702
117686021	105343980	LOC117686021	20240702
117686025	117691555	LOC117686025	20240702
117686027	117687149	LOC117686027	20240702
117686030	117685615	LOC117686030	20240702
117686031	105333432	LOC117686031	20240702
117686035	117686170	LOC117686035	20240702
117686041	117691497	LOC117686041	20240702
117686043	117689320	LOC117686043	20240702
117686045	105347303	LOC117686045	20240702
117686046	117687030	LOC117686046	20240702
117686047	117687030	LOC117686047	20240702
117686063	105330343	LOC117686063	20240702
117686070	105317695	LOC117686070	20240702
117686071	105342206	LOC117686071	20240702
117686072	105321879	LOC117686072	20240702
117686073	105348034	LOC117686073	20240702
117686078	117689115	LOC117686078	20240702
117686082	105334876	LOC117686082	20240702
117686085	117690777	LOC117686085	20240702
117686089	105334872	LOC117686089	20240702
117686096	105333511	LOC117686096	20240702
117686097	105333511	LOC117686097	20240702
117686098	105333511	LOC117686098	20240702
117686099	105333511	LOC117686099	20240702
117686100	105333511	LOC117686100	20240702
117686105	105333488	LOC117686105	20240702
117686106	105330979	LOC117686106	20240702
117686112	117691495	LOC117686112	20240702
117686113	105329137	LOC117686113	20240702
117686118	117684311	LOC117686118	20240702
117686125	109617446	LOC117686125	20240702
117686126	105330343	LOC117686126	20240702
117686129	105330979	LOC117686129	20240702
117686133	117691662	LOC117686133	20240702
117686135	117686048	LOC117686135	20240702
117686138	105321945	LOC117686138	20240702
117686150	117683293	LOC117686150	20240702
117686159	105329137	LOC117686159	20240702
117686167	109618742	LOC117686167	20240702
117686174	117685428	LOC117686174	20240702
117686178	117685540	LOC117686178	20240702
117686182	117686184	LOC117686182	20240702
117686191	117687561	LOC117686191	20240702
117686200	117691974	LOC117686200	20240702
117686202	117688286	LOC117686202	20240702
117686204	117685515	LOC117686204	20240702
117686206	105335327	LOC117686206	20240702
117686207	105326755	LOC117686207	20240702
117686211	105324933	LOC117686211	20240702
117686212	117685243	LOC117686212	20240702
117686214	109619834	LOC117686214	20240702
117686215	117688953	LOC117686215	20240702
117686216	105344253	LOC117686216	20240702
117686220	105344239	LOC117686220	20240702
117686222	105344241	LOC117686222	20240702
117686223	105344242	LOC117686223	20240702
117686225	105332054	LOC117686225	20240702
117686227	117681814	LOC117686227	20240702
117686228	117681776	LOC117686228	20240702
117686232	117688575	LOC117686232	20240702
117686240	117686237	LOC117686240	20240702
117686243	109620301	LOC117686243	20240702
117686244	117686956	LOC117686244	20240702
117686245	117686956	LOC117686245	20240702
117686248	117688461	LOC117686248	20240702
117686249	117686250	LOC117686249	20240702
117686251	105331041	LOC117686251	20240702
117686253	117687139	LOC117686253	20240702
117686254	105331041	LOC117686254	20240702
117686256	105327636	LOC117686256	20240702
117686264	105328909	LOC117686264	20240702
117686265	105336855	LOC117686265	20240702
117686266	105336855	LOC117686266	20240702
117686267	117692740	LOC117686267	20240702
117686268	117680381	LOC117686268	20240702
117686272	117692199	LOC117686272	20240702
117686273	117686270	LOC117686273	20240702
117686274	117685622	LOC117686274	20240702
117686281	105346381	LOC117686281	20240702
117686283	117680990	LOC117686283	20240702
117686285	117680803	LOC117686285	20240702
117686292	117680642	LOC117686292	20240702
117686293	105331733	LOC117686293	20240702
117686295	105342298	LOC117686295	20240702
117686297	105347407	LOC117686297	20240702
117686298	117682974	LOC117686298	20240702
117686303	117689031	LOC117686303	20240702
117686307	105329201	LOC117686307	20240702
117686308	105328163	LOC117686308	20240702
117686310	105328163	LOC117686310	20240702
117686318	117685520	LOC117686318	20240702
117686321	109619072	LOC117686321	20240702
117686331	105323928	LOC117686331	20240702
117686335	117682607	LOC117686335	20240702
117686339	117692477	LOC117686339	20240702
117686340	117692477	LOC117686340	20240702
117686341	117682988	LOC117686341	20240702
117686343	117681525	LOC117686343	20240702
117686346	105319880	LOC117686346	20240702
117686349	117692634	LOC117686349	20240702
117686356	105346758	LOC117686356	20240702
117686357	117688273	LOC117686357	20240702
117686359	117687891	LOC117686359	20240702
117686366	105346758	LOC117686366	20240702
117686369	117685613	LOC117686369	20240704
117686370	117685271	LOC117686370	20240702
117686372	117685772	LOC117686372	20240702
117686375	117685207	LOC117686375	20240702
117686378	105322173	LOC117686378	20240702
117686381	105346403	LOC117686381	20240702
117686382	105343360	LOC117686382	20240702
117686384	105338236	LOC117686384	20240702
117686385	117681475	LOC117686385	20240702
117686387	105338236	LOC117686387	20240702
117686389	117688580	LOC117686389	20240702
117686393	105348138	LOC117686393	20240702
117686397	117685087	LOC117686397	20240702
117686398	109620476	LOC117686398	20240702
117686402	105339058	LOC117686402	20240702
117686404	117688579	LOC117686404	20240702
117686405	117688580	LOC117686405	20240702
117686414	105348255	LOC117686414	20240702
117686421	117684637	LOC117686421	20240702
117686424	117685475	LOC117686424	20240702
117686427	109617337	LOC117686427	20240702
117686430	117688843	LOC117686430	20240702
117686438	105342642	LOC117686438	20240702
117686439	105329795	LOC117686439	20240702
117686440	117685993	LOC117686440	20240702
117686441	105321268	LOC117686441	20240702
117686443	105323923	LOC117686443	20240702
117686449	117686452	LOC117686449	20240702
117686454	105317877	LOC117686454	20240702
117686460	105332715	LOC117686460	20240702
117686463	105343219	LOC117686463	20240702
117686464	105343207	LOC117686464	20240702
117686466	109619328	LOC117686466	20240702
117686473	105328165	LOC117686473	20240702
117686474	105328165	LOC117686474	20240702
117686479	105317114	LOC117686479	20240702
117686480	105324344	LOC117686480	20240702
117686481	105324435	LOC117686481	20240702
117686485	105330010	LOC117686485	20240702
117686494	105340516	LOC117686494	20240702
117686495	105340520	LOC117686495	20240702
117686497	117686496	LOC117686497	20240702
117686498	117686496	LOC117686498	20240702
117686502	105332697	LOC117686502	20240702
117686503	117686505	LOC117686503	20240702
117686504	105333296	LOC117686504	20240702
117686507	105333296	LOC117686507	20240702
117686520	105322040	LOC117686520	20240702
117686534	117690028	LOC117686534	20240702
117686542	117691570	LOC117686542	20240702
117686543	117681738	LOC117686543	20240702
117686546	117691570	LOC117686546	20240702
117686556	105348151	LOC117686556	20240702
117686557	105344765	LOC117686557	20240702
117686559	117688793	LOC117686559	20240702
117686562	105317441	LOC117686562	20240702
117686574	105345498	LOC117686574	20240702
117686587	105337520	LOC117686587	20240702
117686588	105337520	LOC117686588	20240702
117686599	105344790	LOC117686599	20240702
117686601	117682451	LOC117686601	20240702
117686604	117691338	LOC117686604	20240702
117686607	105320971	LOC117686607	20240702
117686608	105345521	LOC117686608	20240702
117686612	105334697	LOC117686612	20240702
117686613	105334697	LOC117686613	20240702
117686616	105319342	LOC117686616	20240702
117686626	117681269	LOC117686626	20240702
117686632	105347104	LOC117686632	20240702
117686633	117686305	LOC117686633	20240702
117686636	105327429	LOC117686636	20240702
117686644	105327518	LOC117686644	20240702
117686646	117684459	LOC117686646	20240702
117686648	105340024	LOC117686648	20240702
117686663	105337605	LOC117686663	20240702
117686676	109617747	LOC117686676	20240702
117686678	109617747	LOC117686678	20240702
117686680	117682133	LOC117686680	20240702
117686684	105317649	LOC117686684	20240702
117686712	105317319	LOC117686712	20240702
117686720	105346764	LOC117686720	20240702
117686725	105341901	LOC117686725	20240702
117686732	105336260	LOC117686732	20240702
117686745	117686744	LOC117686745	20240702
117686747	105336583	LOC117686747	20240702
117686757	105325715	LOC117686757	20240702
117686762	105324585	LOC117686762	20240702
117686763	105324587	LOC117686763	20240702
117686766	105324589	LOC117686766	20240702
117686770	105319731	LOC117686770	20240702
117686779	105345871	LOC117686779	20240702
117686780	117690178	LOC117686780	20240702
117686782	105337270	LOC117686782	20240702
117686787	117685340	LOC117686787	20240702
117686790	117686789	LOC117686790	20240702
117686793	117681259	LOC117686793	20240702
117686800	117686801	LOC117686800	20240702
117686805	117683233	LOC117686805	20240702
117686814	105323526	LOC117686814	20240702
117686823	105330869	LOC117686823	20240702
117686825	109617281	LOC117686825	20240702
117686827	117680678	LOC117686827	20240702
117686828	117686010	LOC117686828	20240702
117686834	117687970	LOC117686834	20240702
117686844	117686843	LOC117686844	20240702
117686862	117692918	LOC117686862	20240702
117686866	105342276	LOC117686866	20240702
117686867	105327007	LOC117686867	20240702
117686871	117681975	LOC117686871	20240702
117686872	117685616	LOC117686872	20240702
117686874	117688514	LOC117686874	20240702
117686875	117688914	LOC117686875	20240702
117686877	105344551	LOC117686877	20240702
117686879	105325133	LOC117686879	20240702
117686883	117690623	LOC117686883	20240702
117686885	105325542	LOC117686885	20240702
117686895	109620479	LOC117686895	20240702
117686898	105321485	LOC117686898	20240702
117686904	105347172	LOC117686904	20240702
117686908	105326912	LOC117686908	20240702
117686910	105326910	LOC117686910	20240702
117686914	105336583	LOC117686914	20240702
117686919	117687501	LOC117686919	20240702
117686923	105338723	LOC117686923	20240702
117686926	105319990	LOC117686926	20240702
117686930	117686929	LOC117686930	20240702
117686932	117685102	LOC117686932	20240702
117686934	117692932	LOC117686934	20240702
117686944	117686945	LOC117686944	20240702
117686946	117686824	LOC117686946	20240702
117686947	117686705	LOC117686947	20240702
117686953	105334072	LOC117686953	20240702
117686955	105328845	LOC117686955	20240702
117686957	117686111	LOC117686957	20240704
117686961	105342884	LOC117686961	20240702
117686962	117685902	LOC117686962	20240702
117686963	105335276	LOC117686963	20240702
117686965	117686959	LOC117686965	20240702
117686967	105334072	LOC117686967	20240702
117686989	105324563	LOC117686989	20240702
117686999	117686995	LOC117686999	20240702
117687010	105326906	LOC117687010	20240702
117687012	105324355	LOC117687012	20240702
117687015	117688273	LOC117687015	20240702
117687016	117692634	LOC117687016	20240702
117687019	109619603	LOC117687019	20240702
117687020	109617406	LOC117687020	20240702
117687021	117687030	LOC117687021	20240702
117687022	117687030	LOC117687022	20240702
117687023	117688953	LOC117687023	20240702
117687024	105329682	LOC117687024	20240702
117687025	105329042	LOC117687025	20240702
117687028	117685504	LOC117687028	20240702
117687029	105318900	LOC117687029	20240702
117687037	117682451	LOC117687037	20240702
117687042	117680734	LOC117687042	20240702
117687044	117690470	LOC117687044	20240702
117687050	117687700	LOC117687050	20240702
117687055	105325307	LOC117687055	20240702
117687069	117685953	LOC117687069	20240702
117687070	105336820	LOC117687070	20240702
117687076	117690275	LOC117687076	20240702
117687081	117681303	LOC117687081	20240702
117687086	105320987	LOC117687086	20240702
117687089	117682931	LOC117687089	20240702
117687091	105339763	LOC117687091	20240702
117687093	105329683	LOC117687093	20240702
117687110	117687108	LOC117687110	20240702
117687112	117681445	LOC117687112	20240702
117687114	109617937	LOC117687114	20240702
117687116	117684823	LOC117687116	20240702
117687123	105341150	LOC117687123	20240702
117687133	105319904	LOC117687133	20240702
117687143	117686804	LOC117687143	20240702
117687151	105339864	LOC117687151	20240702
117687155	105341168	LOC117687155	20240702
117687158	105342959	LOC117687158	20240702
117687161	117687190	LOC117687161	20240702
117687162	117681253	LOC117687162	20240702
117687163	105326416	LOC117687163	20240702
117687167	105321442	LOC117687167	20240702
117687170	117685675	LOC117687170	20240702
117687172	117687198	LOC117687172	20240702
117687183	117684829	LOC117687183	20240702
117687184	117687277	LOC117687184	20240702
117687195	117685525	LOC117687195	20240702
117687203	105340520	LOC117687203	20240702
117687207	117687173	LOC117687207	20240702
117687209	105331442	LOC117687209	20240702
117687214	105329498	LOC117687214	20240702
117687216	105339865	LOC117687216	20240702
117687218	117681262	LOC117687218	20240702
117687221	105339870	LOC117687221	20240702
117687227	105324436	LOC117687227	20240702
117687233	105328498	LOC117687233	20240702
117687234	105328498	LOC117687234	20240702
117687238	117687229	LOC117687238	20240702
117687241	117688667	LOC117687241	20240702
117687244	105329991	LOC117687244	20240702
117687255	117685280	LOC117687255	20240702
117687260	117687417	LOC117687260	20240702
117687265	105342442	LOC117687265	20240702
117687268	117688652	LOC117687268	20240702
117687273	117690163	LOC117687273	20240702
117687274	105318555	LOC117687274	20240702
117687281	105331003	LOC117687281	20240702
117687282	109619451	LOC117687282	20240702
117687284	105331003	LOC117687284	20240702
117687288	117685222	LOC117687288	20240702
117687293	117690275	LOC117687293	20240702
117687295	105326717	LOC117687295	20240702
117687296	105326717	LOC117687296	20240702
117687298	105326916	LOC117687298	20240702
117687299	117686658	LOC117687299	20240702
117687311	117687064	LOC117687311	20240702
117687313	105341391	LOC117687313	20240702
117687314	105323800	LOC117687314	20240702
117687315	117685902	LOC117687315	20240702
117687320	117687749	LOC117687320	20240702
117687325	105334699	LOC117687325	20240702
117687327	105326912	LOC117687327	20240702
117687329	117687332	LOC117687329	20240702
117687333	117686995	LOC117687333	20240702
117687334	117687597	LOC117687334	20240702
117687343	117685088	LOC117687343	20240702
117687344	117685993	LOC117687344	20240702
117687345	117688580	LOC117687345	20240702
117687347	105318061	LOC117687347	20240702
117687351	105328140	LOC117687351	20240702
117687356	117685525	LOC117687356	20240702
117687359	117687479	LOC117687359	20240702
117687363	117686224	LOC117687363	20240702
117687364	117686224	LOC117687364	20240702
117687365	117686913	LOC117687365	20240702
117687366	105336583	LOC117687366	20240702
117687367	105319003	LOC117687367	20240702
117687374	105340464	LOC117687374	20240702
117687375	117691923	LOC117687375	20240702
117687377	117690926	LOC117687377	20240702
117687379	117687378	LOC117687379	20240702
117687381	105337506	LOC117687381	20240702
117687385	117692237	LOC117687385	20240702
117687399	105346795	LOC117687399	20240702
117687400	117687561	LOC117687400	20240702
117687401	105331372	LOC117687401	20240702
117687403	117682500	LOC117687403	20240702
117687411	117687173	LOC117687411	20240702
117687416	105326594	LOC117687416	20240702
117687418	117688213	LOC117687418	20240702
117687437	105326394	LOC117687437	20240702
117687446	117687108	LOC117687446	20240702
117687450	109621106	LOC117687450	20240702
117687458	109618161	LOC117687458	20240702
117687459	105336583	LOC117687459	20240702
117687462	105330004	LOC117687462	20240702
117687465	105334179	LOC117687465	20240702
117687471	117687453	LOC117687471	20240702
117687472	105337490	LOC117687472	20240702
117687476	105327680	LOC117687476	20240702
117687485	117684947	LOC117687485	20240702
117687487	117686956	LOC117687487	20240702
117687491	117681889	LOC117687491	20240702
117687492	105318061	LOC117687492	20240702
117687494	105344844	LOC117687494	20240702
117687495	117687500	LOC117687495	20240702
117687497	117691929	LOC117687497	20240702
117687502	117688335	LOC117687502	20240702
117687503	117687493	LOC117687503	20240702
117687504	117687493	LOC117687504	20240702
117687507	105322643	LOC117687507	20240702
117687511	105343989	LOC117687511	20240702
117687514	117686809	LOC117687514	20240702
117687517	105319174	LOC117687517	20240702
117687521	117684535	LOC117687521	20240702
117687525	117689334	LOC117687525	20240702
117687530	117687527	LOC117687530	20240702
117687531	117685405	LOC117687531	20240702
117687532	109617226	LOC117687532	20240702
117687535	105341126	LOC117687535	20240702
117687536	117691615	LOC117687536	20240702
117687538	117691615	LOC117687538	20240702
117687541	117686878	LOC117687541	20240702
117687548	105343040	LOC117687548	20240702
117687564	105329689	LOC117687564	20240702
117687565	105329688	LOC117687565	20240702
117687566	105329693	LOC117687566	20240702
117687567	105329694	LOC117687567	20240702
117687568	117687435	LOC117687568	20240702
117687571	117687436	LOC117687571	20240702
117687576	117687436	LOC117687576	20240702
117687578	105346028	LOC117687578	20240702
117687583	117687586	LOC117687583	20240702
117687585	105345670	LOC117687585	20240702
117687587	117687586	LOC117687587	20240702
117687590	105330930	LOC117687590	20240702
117687606	105317843	LOC117687606	20240702
117687610	105325680	LOC117687610	20240702
117687612	105325680	LOC117687612	20240702
117687613	117684277	LOC117687613	20240702
117687617	105317672	LOC117687617	20240702
117687619	105317672	LOC117687619	20240702
117687622	117687623	LOC117687622	20240702
117687626	117688354	LOC117687626	20240702
117687633	105331900	LOC117687633	20240702
117687634	105331900	LOC117687634	20240702
117687637	117687474	LOC117687637	20240702
117687638	105338989	LOC117687638	20240702
117687639	117680691	LOC117687639	20240702
117687649	117687648	LOC117687649	20240702
117687656	105339769	LOC117687656	20240702
117687670	105334230	LOC117687670	20240702
117687676	105338293	LOC117687676	20240702
117687679	105322036	LOC117687679	20240702
117687691	105342884	LOC117687691	20240702
117687697	105326900	LOC117687697	20240702
117687699	117686837	LOC117687699	20240702
117687704	105337143	LOC117687704	20240702
117687714	105321618	LOC117687714	20240702
117687716	105320988	LOC117687716	20240702
117687723	105332963	LOC117687723	20240702
117687725	105338268	LOC117687725	20240702
117687726	105344784	LOC117687726	20240702
117687729	117681762	LOC117687729	20240702
117687730	117687727	LOC117687730	20240702
117687736	105339786	LOC117687736	20240702
117687738	117688342	LOC117687738	20240702
117687747	117687749	LOC117687747	20240702
117687748	117685645	LOC117687748	20240702
117687752	109617473	LOC117687752	20240702
117687754	117690471	LOC117687754	20240702
117687761	105327476	LOC117687761	20240702
117687762	117687749	LOC117687762	20240702
117687763	105327476	LOC117687763	20240702
117687771	105322535	LOC117687771	20240702
117687776	117688273	LOC117687776	20240702
117687780	105321361	LOC117687780	20240702
117687784	105339763	LOC117687784	20240702
117687787	117684803	LOC117687787	20240702
117687792	117691404	LOC117687792	20240702
117687793	117692634	LOC117687793	20240702
117687797	117687796	LOC117687797	20240702
117687798	117687796	LOC117687798	20240702
117687799	105334721	LOC117687799	20240702
117687805	117685382	LOC117687805	20240702
117687809	105327266	LOC117687809	20240702
117687817	117685407	LOC117687817	20240702
117687820	105317634	LOC117687820	20240702
117687821	117687813	LOC117687821	20240702
117687825	117689614	LOC117687825	20240702
117687826	117687838	LOC117687826	20240702
117687827	117687838	LOC117687827	20240702
117687832	117687833	LOC117687832	20240702
117687837	117687841	LOC117687837	20240702
117687839	117690759	LOC117687839	20240702
117687844	117692141	LOC117687844	20240702
117687855	105317677	LOC117687855	20240702
117687867	117686237	LOC117687867	20240702
117687868	105325522	LOC117687868	20240702
117687871	117687866	LOC117687871	20240702
117687877	105338571	LOC117687877	20240702
117687879	105320968	LOC117687879	20240702
117687881	105339402	LOC117687881	20240702
117687883	105339410	LOC117687883	20240702
117687884	105339404	LOC117687884	20240702
117687886	117692270	LOC117687886	20240702
117687887	105323297	LOC117687887	20240702
117687888	105323299	LOC117687888	20240702
117687894	105331041	LOC117687894	20240702
117687895	105324500	LOC117687895	20240702
117687898	117687900	LOC117687898	20240702
117687910	117687912	LOC117687910	20240702
117687914	117688883	LOC117687914	20240702
117687920	117691330	LOC117687920	20240702
117687921	117685902	LOC117687921	20240702
117687942	105335194	LOC117687942	20240702
117687944	105348389	LOC117687944	20240702
117687952	105346881	LOC117687952	20240702
117687954	105346881	LOC117687954	20240702
117687955	117687956	LOC117687955	20240702
117687959	105327231	LOC117687959	20240702
117687963	105334306	LOC117687963	20240702
117687965	117687892	LOC117687965	20240702
117687968	105334720	LOC117687968	20240702
117687972	117687032	LOC117687972	20240702
117687982	117684789	LOC117687982	20240702
117687986	117692270	LOC117687986	20240702
117687991	117681084	LOC117687991	20240702
117687992	105328764	LOC117687992	20240702
117687993	105338723	LOC117687993	20240702
117687996	117681975	LOC117687996	20240702
117687997	105322036	LOC117687997	20240702
117688001	117692199	LOC117688001	20240702
117688009	105326904	LOC117688009	20240702
117688020	117682292	LOC117688020	20240702
117688028	117688034	LOC117688028	20240702
117688038	105323066	LOC117688038	20240702
117688040	105332272	LOC117688040	20240702
117688042	117690275	LOC117688042	20240702
117688046	117688045	LOC117688046	20240702
117688048	117688126	LOC117688048	20240702
117688055	117688045	LOC117688055	20240702
117688071	117688070	LOC117688071	20240702
117688072	117684328	LOC117688072	20240702
117688073	105334311	LOC117688073	20240702
117688074	105327076	LOC117688074	20240702
117688075	117691344	LOC117688075	20240702
117688078	105339873	LOC117688078	20240702
117688086	117688093	LOC117688086	20240702
117688087	105332973	LOC117688087	20240702
117688088	117683854	LOC117688088	20240702
117688089	105336680	LOC117688089	20240702
117688090	117685221	LOC117688090	20240702
117688094	105332973	LOC117688094	20240702
117688098	105323822	LOC117688098	20240702
117688100	105331402	LOC117688100	20240702
117688103	117688045	LOC117688103	20240702
117688104	105331010	LOC117688104	20240702
117688111	105335144	LOC117688111	20240702
117688118	117688064	LOC117688118	20240702
117688119	105331385	LOC117688119	20240702
117688120	105348994	LOC117688120	20240702
117688125	117682698	LOC117688125	20240702
117688128	117688061	LOC117688128	20240702
117688130	105331440	LOC117688130	20240702
117688131	117683797	LOC117688131	20240702
117688133	117688112	LOC117688133	20240702
117688134	105329382	LOC117688134	20240702
117688135	117688049	LOC117688135	20240702
117688139	105333716	LOC117688139	20240702
117688151	105337989	LOC117688151	20240702
117688152	105337990	LOC117688152	20240702
117688153	105337990	LOC117688153	20240702
117688155	117687436	LOC117688155	20240702
117688156	117687575	LOC117688156	20240702
117688170	105341568	LOC117688170	20240702
117688173	117685838	LOC117688173	20240702
117688175	105347786	LOC117688175	20240702
117688178	117682451	LOC117688178	20240702
117688179	117688180	LOC117688179	20240702
117688181	117688180	LOC117688181	20240702
117688182	117688180	LOC117688182	20240702
117688184	117688185	LOC117688184	20240702
117688193	105325493	LOC117688193	20240702
117688194	117682047	LOC117688194	20240702
117688197	105320211	LOC117688197	20240702
117688200	105333531	LOC117688200	20240702
117688222	105330343	LOC117688222	20240702
117688223	117686843	LOC117688223	20240702
117688231	117692817	LOC117688231	20240702
117688239	117685789	LOC117688239	20240702
117688250	105327066	LOC117688250	20240702
117688253	117686057	LOC117688253	20240702
117688261	117680617	LOC117688261	20240702
117688262	117680617	LOC117688262	20240702
117688266	105348055	LOC117688266	20240702
117688270	117688272	LOC117688270	20240702
117688275	117690316	LOC117688275	20240702
117688281	117692960	LOC117688281	20240702
117688284	117686896	LOC117688284	20240702
117688287	117686630	LOC117688287	20240702
117688291	105319783	LOC117688291	20240702
117688294	105318856	LOC117688294	20240702
117688301	105340014	LOC117688301	20240702
117688303	105340047	LOC117688303	20240702
117688304	105340014	LOC117688304	20240702
117688310	117688396	LOC117688310	20240702
117688312	109619603	LOC117688312	20240702
117688313	105318861	LOC117688313	20240702
117688315	105338438	LOC117688315	20240702
117688318	117680519	LOC117688318	20240702
117688324	109619603	LOC117688324	20240702
117688327	117688325	LOC117688327	20240702
117688328	105327636	LOC117688328	20240702
117688331	105318858	LOC117688331	20240702
117688333	117688332	LOC117688333	20240702
117688337	105323550	LOC117688337	20240702
117688343	117688342	LOC117688343	20240702
117688347	105326916	LOC117688347	20240702
117688349	117686861	LOC117688349	20240702
117688352	105318873	LOC117688352	20240702
117688353	105346028	LOC117688353	20240702
117688359	105319410	LOC117688359	20240702
117688368	105318554	LOC117688368	20240702
117688373	105343597	LOC117688373	20240702
117688383	117680299	LOC117688383	20240702
117688390	117690941	LOC117688390	20240702
117688391	105328116	LOC117688391	20240702
117688394	105341259	LOC117688394	20240702
117688406	105331900	LOC117688406	20240702
117688429	105322569	LOC117688429	20240702
117688431	105343453	LOC117688431	20240702
117688433	117684715	LOC117688433	20240702
117688435	105322667	LOC117688435	20240702
117688441	117690759	LOC117688441	20240702
117688443	105317634	LOC117688443	20240702
117688444	105345243	LOC117688444	20240702
117688450	105327066	LOC117688450	20240702
117688451	117685789	LOC117688451	20240702
117688454	117680617	LOC117688454	20240702
117688455	117688265	LOC117688455	20240702
117688463	117684803	LOC117688463	20240702
117688467	105341036	LOC117688467	20240702
117688470	105346028	LOC117688470	20240702
117688471	117688354	LOC117688471	20240702
117688472	105324355	LOC117688472	20240702
117688479	105327890	LOC117688479	20240702
117688481	105330343	LOC117688481	20240702
117688492	105324975	LOC117688492	20240702
117688493	105348472	LOC117688493	20240702
117688494	105325265	LOC117688494	20240702
117688496	105325265	LOC117688496	20240702
117688497	105325265	LOC117688497	20240702
117688500	117682461	LOC117688500	20240702
117688505	105333662	LOC117688505	20240702
117688506	117688665	LOC117688506	20240702
117688509	117687173	LOC117688509	20240702
117688512	117688354	LOC117688512	20240702
117688515	105319486	LOC117688515	20240702
117688516	117692634	LOC117688516	20240702
117688525	105323209	LOC117688525	20240702
117688527	117686843	LOC117688527	20240702
117688529	117692056	LOC117688529	20240702
117688531	117689793	LOC117688531	20240702
117688532	105348472	LOC117688532	20240702
117688538	117688554	LOC117688538	20240702
117688546	105326419	LOC117688546	20240702
117688553	117688552	LOC117688553	20240702
117688555	105337230	LOC117688555	20240702
117688556	105337228	LOC117688556	20240702
117688559	117692960	LOC117688559	20240702
117688562	105326959	LOC117688562	20240702
117688569	105343544	LOC117688569	20240702
117688570	105343544	LOC117688570	20240702
117688571	105324501	LOC117688571	20240702
117688572	105331041	LOC117688572	20240702
117688584	117687060	LOC117688584	20240702
117688586	105346419	LOC117688586	20240702
117688589	105318305	LOC117688589	20240702
117688591	117688580	LOC117688591	20240702
117688594	117688580	LOC117688594	20240702
117688596	117685475	LOC117688596	20240702
117688602	105341150	LOC117688602	20240702
117688607	105336207	LOC117688607	20240702
117688608	105336207	LOC117688608	20240702
117688609	105331205	LOC117688609	20240702
117688610	117685166	LOC117688610	20240702
117688615	105322507	LOC117688615	20240702
117688616	117685103	LOC117688616	20240702
117688617	105327680	LOC117688617	20240702
117688623	117687193	LOC117688623	20240702
117688624	109619985	LOC117688624	20240702
117688625	105335276	LOC117688625	20240702
117688630	105330552	LOC117688630	20240702
117688632	117681575	LOC117688632	20240702
117688646	117691707	LOC117688646	20240702
117688647	117685475	LOC117688647	20240702
117688653	109620479	LOC117688653	20240702
117688655	105319905	LOC117688655	20240702
117688656	117687635	LOC117688656	20240702
117688664	105341036	LOC117688664	20240702
117688666	117688468	LOC117688666	20240702
117688668	117688351	LOC117688668	20240702
117688672	105336863	LOC117688672	20240702
117688675	117685967	LOC117688675	20240702
117688676	117685517	LOC117688676	20240702
117688678	117680374	LOC117688678	20240702
117688679	117685967	LOC117688679	20240702
117688683	105333370	LOC117688683	20240702
117688684	105343451	LOC117688684	20240702
117688687	105318434	LOC117688687	20240702
117688690	105344922	LOC117688690	20240702
117688692	117688712	LOC117688692	20240702
117688695	117687586	LOC117688695	20240702
117688696	109619656	LOC117688696	20240702
117688700	117686250	LOC117688700	20240702
117688701	105319363	LOC117688701	20240702
117688707	105323209	LOC117688707	20240702
117688708	117682192	LOC117688708	20240702
117688711	117686843	LOC117688711	20240702
117688718	117686913	LOC117688718	20240704
117688719	105336583	LOC117688719	20240702
117688722	105330549	LOC117688722	20240702
117688729	117680472	LOC117688729	20240702
117688732	117688731	LOC117688732	20240702
117688741	117688738	LOC117688741	20240702
117688744	105347765	LOC117688744	20240702
117688747	105346791	LOC117688747	20240702
117688750	105319868	LOC117688750	20240702
117688752	117688757	LOC117688752	20240702
117688771	117688770	LOC117688771	20240702
117688774	105342592	LOC117688774	20240702
117688784	117688785	LOC117688784	20240702
117688792	105327613	LOC117688792	20240702
117688795	117683478	LOC117688795	20240702
117688803	105321784	LOC117688803	20240702
117688805	105321784	LOC117688805	20240702
117688806	105326354	LOC117688806	20240702
117688811	109617730	LOC117688811	20240702
117688819	105331047	LOC117688819	20240702
117688821	105342186	LOC117688821	20240702
117688823	105322068	LOC117688823	20240702
117688825	105348181	LOC117688825	20240702
117688827	105322067	LOC117688827	20240702
117688828	105322067	LOC117688828	20240702
117688832	117684209	LOC117688832	20240702
117688838	105318195	LOC117688838	20240702
117688839	105318195	LOC117688839	20240702
117688841	117688335	LOC117688841	20240702
117688851	105332654	LOC117688851	20240702
117688854	105333101	LOC117688854	20240702
117688855	105319787	LOC117688855	20240702
117688857	105337000	LOC117688857	20240702
117688858	105337002	LOC117688858	20240702
117688860	117688861	LOC117688860	20240702
117688864	105338278	LOC117688864	20240702
117688865	105336985	LOC117688865	20240702
117688870	105346271	LOC117688870	20240702
117688875	105338278	LOC117688875	20240702
117688876	105346947	LOC117688876	20240702
117688884	105346952	LOC117688884	20240702
117688893	105348641	LOC117688893	20240702
117688894	117688892	LOC117688894	20240702
117688895	105348642	LOC117688895	20240702
117688896	117680337	LOC117688896	20240702
117688897	117691961	LOC117688897	20240702
117688912	105344324	LOC117688912	20240702
117688918	105331626	LOC117688918	20240702
117688919	105343844	LOC117688919	20240702
117688921	105325105	LOC117688921	20240702
117688922	105325105	LOC117688922	20240702
117688928	105344847	LOC117688928	20240702
117688929	105323765	LOC117688929	20240702
117688933	105335651	LOC117688933	20240702
117688934	105335661	LOC117688934	20240702
117688938	105335661	LOC117688938	20240702
117688941	105340408	LOC117688941	20240702
117688942	105340417	LOC117688942	20240702
117688943	105344380	LOC117688943	20240702
117688950	117688951	LOC117688950	20240702
117688958	105336782	LOC117688958	20240702
117688964	105347041	LOC117688964	20240702
117688982	105342101	LOC117688982	20240702
117688993	105332608	LOC117688993	20240702
117688995	105337045	LOC117688995	20240702
117689000	109621065	LOC117689000	20240702
117689001	105346932	LOC117689001	20240702
117689007	117689002	LOC117689007	20240702
117689013	117689012	LOC117689013	20240702
117689017	109620242	LOC117689017	20240702
117689019	105330808	LOC117689019	20240702
117689020	105330803	LOC117689020	20240702
117689021	105330806	LOC117689021	20240702
117689022	105330809	LOC117689022	20240702
117689023	117693074	LOC117689023	20240702
117689024	105330806	LOC117689024	20240702
117689025	105330806	LOC117689025	20240702
117689026	117689973	LOC117689026	20240702
117689027	105321389	LOC117689027	20240702
117689028	117688877	LOC117689028	20240702
117689037	117683637	LOC117689037	20240702
117689042	109620838	LOC117689042	20240702
117689045	105317174	LOC117689045	20240702
117689046	105317179	LOC117689046	20240702
117689047	105317181	LOC117689047	20240702
117689048	105317173	LOC117689048	20240702
117689049	105317177	LOC117689049	20240702
117689053	105338851	LOC117689053	20240702
117689054	105345671	LOC117689054	20240702
117689055	105335394	LOC117689055	20240702
117689056	105345671	LOC117689056	20240702
117689058	105338478	LOC117689058	20240702
117689061	105326607	LOC117689061	20240702
117689063	105339543	LOC117689063	20240702
117689066	105346154	LOC117689066	20240702
117689067	105346153	LOC117689067	20240702
117689082	105326604	LOC117689082	20240702
117689084	117690639	LOC117689084	20240702
117689091	105330996	LOC117689091	20240702
117689094	105349088	LOC117689094	20240702
117689109	105327613	LOC117689109	20240702
117689110	117688794	LOC117689110	20240702
117689116	117690275	LOC117689116	20240702
117689126	105343341	LOC117689126	20240704
117689129	105317565	LOC117689129	20240702
117689130	117688246	LOC117689130	20240702
117689131	105317565	LOC117689131	20240702
117689136	105333101	LOC117689136	20240702
117689147	117686958	LOC117689147	20240702
117689150	105332076	LOC117689150	20240702
117689151	117687561	LOC117689151	20240702
117689154	105330548	LOC117689154	20240702
117689156	117685092	LOC117689156	20240702
117689157	105323556	LOC117689157	20240702
117689159	117682786	LOC117689159	20240702
117689160	117688273	LOC117689160	20240702
117689162	117689161	LOC117689162	20240702
117689163	117692783	LOC117689163	20240702
117689166	117689165	LOC117689166	20240702
117689176	105320938	LOC117689176	20240702
117689180	105343821	LOC117689180	20240702
117689194	117686572	LOC117689194	20240702
117689195	117686572	LOC117689195	20240702
117689196	117686572	LOC117689196	20240702
117689216	105348187	LOC117689216	20240702
117689221	117689220	LOC117689221	20240702
117689222	105346781	LOC117689222	20240702
117689223	109620385	LOC117689223	20240702
117689225	105322410	LOC117689225	20240702
117689227	105344449	LOC117689227	20240702
117689233	117683232	LOC117689233	20240702
117689241	117689474	LOC117689241	20240702
117689243	105345936	LOC117689243	20240702
117689244	105342697	LOC117689244	20240702
117689245	105345196	LOC117689245	20240702
117689246	105345132	LOC117689246	20240702
117689249	105331230	LOC117689249	20240702
117689252	105345642	LOC117689252	20240702
117689265	105345752	LOC117689265	20240702
117689269	117689270	LOC117689269	20240702
117689274	105317697	LOC117689274	20240702
117689275	105349201	LOC117689275	20240702
117689279	105346930	LOC117689279	20240702
117689285	105334194	LOC117689285	20240702
117689290	117689292	LOC117689290	20240702
117689294	117689293	LOC117689294	20240702
117689295	105333921	LOC117689295	20240702
117689306	117690639	LOC117689306	20240702
117689307	117689305	LOC117689307	20240702
117689311	117686578	LOC117689311	20240702
117689322	105324453	LOC117689322	20240702
117689323	105335661	LOC117689323	20240702
117689324	105338590	LOC117689324	20240702
117689338	117689258	LOC117689338	20240702
117689342	105334195	LOC117689342	20240702
117689343	117685525	LOC117689343	20240702
117689346	105347705	LOC117689346	20240702
117689347	105330809	LOC117689347	20240702
117689351	117688892	LOC117689351	20240702
117689354	105333371	LOC117689354	20240702
117689356	105333367	LOC117689356	20240702
117689358	105318349	LOC117689358	20240702
117689360	117689270	LOC117689360	20240702
117689367	105339543	LOC117689367	20240702
117689368	105339542	LOC117689368	20240702
117689374	105346372	LOC117689374	20240702
117689378	109620385	LOC117689378	20240702
117689379	105333348	LOC117689379	20240702
117689381	105329256	LOC117689381	20240702
117689383	105342083	LOC117689383	20240702
117689386	105336661	LOC117689386	20240702
117689387	105336665	LOC117689387	20240702
117689394	105344125	LOC117689394	20240702
117689395	105344132	LOC117689395	20240702
117689398	105344133	LOC117689398	20240702
117689399	105344131	LOC117689399	20240702
117689401	117680521	LOC117689401	20240702
117689406	105337168	LOC117689406	20240702
117689407	105337171	LOC117689407	20240702
117689408	105337172	LOC117689408	20240702
117689410	117688246	LOC117689410	20240702
117689413	117689005	LOC117689413	20240704
117689414	117689002	LOC117689414	20240702
117689418	117690815	LOC117689418	20240702
117689427	105327229	LOC117689427	20240702
117689435	105328486	LOC117689435	20240702
117689436	105328486	LOC117689436	20240702
117689438	105328564	LOC117689438	20240702
117689446	105339571	LOC117689446	20240702
117689451	105343410	LOC117689451	20240702
117689458	117683238	LOC117689458	20240702
117689466	105323194	LOC117689466	20240702
117689467	105323205	LOC117689467	20240702
117689470	117691971	LOC117689470	20240702
117689476	105330296	LOC117689476	20240702
117689482	105318618	LOC117689482	20240702
117689483	105318613	LOC117689483	20240702
117689488	105340353	LOC117689488	20240702
117689489	109617108	LOC117689489	20240702
117689495	117691555	LOC117689495	20240702
117689496	105317695	LOC117689496	20240702
117689502	105348034	LOC117689502	20240702
117689508	105326630	LOC117689508	20240702
117689515	117689518	LOC117689515	20240702
117689522	105326475	LOC117689522	20240702
117689528	117689409	LOC117689528	20240702
117689529	105329958	LOC117689529	20240702
117689530	105337177	LOC117689530	20240702
117689531	105329958	LOC117689531	20240702
117689532	105329958	LOC117689532	20240702
117689534	105329958	LOC117689534	20240702
117689537	105337177	LOC117689537	20240702
117689540	105337168	LOC117689540	20240702
117689542	117687078	LOC117689542	20240702
117689543	105337162	LOC117689543	20240702
117689544	117689178	LOC117689544	20240702
117689545	105344994	LOC117689545	20240702
117689612	117687078	LOC117689612	20240704
117689616	105335681	LOC117689616	20240702
117689618	117689617	LOC117689618	20240702
117689619	105328620	LOC117689619	20240702
117689622	117689623	LOC117689622	20240702
117689625	105334333	LOC117689625	20240702
117689626	105335681	LOC117689626	20240702
117689627	105335681	LOC117689627	20240702
117689630	117689629	LOC117689630	20240702
117689634	105348844	LOC117689634	20240702
117689641	105328614	LOC117689641	20240702
117689645	105334333	LOC117689645	20240702
117689666	117684726	LOC117689666	20240702
117689675	105344525	LOC117689675	20240702
117689680	117682447	LOC117689680	20240702
117689683	105336871	LOC117689683	20240702
117689689	117689700	LOC117689689	20240702
117689690	109617050	LOC117689690	20240702
117689692	109617050	LOC117689692	20240702
117689693	109617050	LOC117689693	20240702
117689695	105331766	LOC117689695	20240702
117689698	117690590	LOC117689698	20240702
117689699	117684413	LOC117689699	20240702
117689702	117689691	LOC117689702	20240702
117689709	105319515	LOC117689709	20240702
117689715	117688994	LOC117689715	20240702
117689716	105328084	LOC117689716	20240702
117689718	105328085	LOC117689718	20240702
117689729	117688622	LOC117689729	20240702
117689741	105346146	LOC117689741	20240702
117689742	105327838	LOC117689742	20240702
117689746	105322235	LOC117689746	20240702
117689748	105346115	LOC117689748	20240702
117689763	105334275	LOC117689763	20240702
117689773	117692740	LOC117689773	20240702
117689774	105318214	LOC117689774	20240702
117689775	117689767	LOC117689775	20240702
117689778	117689736	LOC117689778	20240702
117689783	105330599	LOC117689783	20240702
117689784	105330636	LOC117689784	20240702
117689785	105330591	LOC117689785	20240702
117689786	117689787	LOC117689786	20240704
117689788	117692484	LOC117689788	20240702
117689790	105339306	LOC117689790	20240702
117689794	105332686	LOC117689794	20240702
117689795	105332686	LOC117689795	20240702
117689796	105332679	LOC117689796	20240702
117689797	105332685	LOC117689797	20240702
117689799	105332684	LOC117689799	20240702
117689801	105332680	LOC117689801	20240702
117689806	105319869	LOC117689806	20240702
117689807	105341281	LOC117689807	20240702
117689809	105324981	LOC117689809	20240702
117689812	105338470	LOC117689812	20240702
117689817	117692001	LOC117689817	20240702
117689819	105322648	LOC117689819	20240702
117689825	117686575	LOC117689825	20240702
117689832	105347261	LOC117689832	20240702
117689833	117680330	LOC117689833	20240702
117689837	117689839	LOC117689837	20240702
117689838	105339621	LOC117689838	20240702
117689841	117690763	LOC117689841	20240702
117689848	105322529	LOC117689848	20240702
117689852	117689847	LOC117689852	20240702
117689853	105349225	LOC117689853	20240702
117689857	105317266	LOC117689857	20240702
117689859	105328982	LOC117689859	20240702
117689860	105328980	LOC117689860	20240702
117689869	105339700	LOC117689869	20240702
117689875	105330279	LOC117689875	20240702
117689879	105341932	LOC117689879	20240702
117689880	105341932	LOC117689880	20240702
117689883	117686729	LOC117689883	20240702
117689884	105325506	LOC117689884	20240702
117689903	105330302	LOC117689903	20240702
117689904	105319148	LOC117689904	20240702
117689905	105319148	LOC117689905	20240702
117689907	105346031	LOC117689907	20240702
117689912	117689911	LOC117689912	20240702
117689914	105333793	LOC117689914	20240702
117689916	105340268	LOC117689916	20240702
117689917	117693074	LOC117689917	20240702
117689927	105337398	LOC117689927	20240702
117689928	105337398	LOC117689928	20240702
117689932	105342610	LOC117689932	20240702
117689933	105325133	LOC117689933	20240702
117689936	117683621	LOC117689936	20240702
117689937	105330724	LOC117689937	20240702
117689938	105344955	LOC117689938	20240702
117689942	105342931	LOC117689942	20240702
117689943	105330201	LOC117689943	20240702
117689946	105347177	LOC117689946	20240702
117689950	105336979	LOC117689950	20240702
117689954	105328084	LOC117689954	20240702
117689956	117689372	LOC117689956	20240702
117689959	117689958	LOC117689959	20240702
117689961	105329960	LOC117689961	20240702
117689967	117689966	LOC117689967	20240702
117689976	105330855	LOC117689976	20240702
117689977	105324992	LOC117689977	20240702
117689979	105324992	LOC117689979	20240702
117689980	117686492	LOC117689980	20240702
117689990	105338092	LOC117689990	20240702
117689991	105330330	LOC117689991	20240702
117689993	117689995	LOC117689993	20240702
117689994	117691344	LOC117689994	20240702
117689997	105348440	LOC117689997	20240702
117690002	117682681	LOC117690002	20240702
117690017	105331154	LOC117690017	20240702
117690031	117690032	LOC117690031	20240702
117690033	105335224	LOC117690033	20240702
117690036	105328831	LOC117690036	20240702
117690037	117684726	LOC117690037	20240702
117690039	105319668	LOC117690039	20240702
117690041	105319667	LOC117690041	20240702
117690042	105347644	LOC117690042	20240702
117690043	105333696	LOC117690043	20240702
117690059	105327218	LOC117690059	20240702
117690060	105330162	LOC117690060	20240702
117690061	105330201	LOC117690061	20240702
117690074	105318706	LOC117690074	20240702
117690096	105317217	LOC117690096	20240702
117690097	105317217	LOC117690097	20240702
117690099	117690094	LOC117690099	20240702
117690106	105344499	LOC117690106	20240702
117690107	105342305	LOC117690107	20240702
117690111	105332452	LOC117690111	20240702
117690113	105337506	LOC117690113	20240702
117690119	117690118	LOC117690119	20240702
117690121	105324611	LOC117690121	20240702
117690124	117690122	LOC117690124	20240702
117690125	105327611	LOC117690125	20240702
117690126	105327649	LOC117690126	20240702
117690127	109620155	LOC117690127	20240702
117690129	105327606	LOC117690129	20240702
117690130	105327605	LOC117690130	20240702
117690131	105327608	LOC117690131	20240702
117690133	105324611	LOC117690133	20240702
117690136	117690135	LOC117690136	20240702
117690137	117687878	LOC117690137	20240702
117690138	105330723	LOC117690138	20240702
117690142	117689726	LOC117690142	20240704
117690151	105341515	LOC117690151	20240702
117690166	105344780	LOC117690166	20240702
117690167	105321618	LOC117690167	20240702
117690169	117687030	LOC117690169	20240702
117690173	105338989	LOC117690173	20240702
117690174	105338989	LOC117690174	20240702
117690175	117689958	LOC117690175	20240702
117690180	109619767	LOC117690180	20240702
117690190	105318910	LOC117690190	20240702
117690193	105349077	LOC117690193	20240702
117690204	105339381	LOC117690204	20240702
117690205	105339377	LOC117690205	20240702
117690207	105339380	LOC117690207	20240702
117690209	105339374	LOC117690209	20240702
117690211	117689266	LOC117690211	20240702
117690212	117690213	LOC117690212	20240702
117690226	105318216	LOC117690226	20240702
117690227	117689768	LOC117690227	20240702
117690229	117689768	LOC117690229	20240702
117690230	117689768	LOC117690230	20240702
117690231	117689768	LOC117690231	20240702
117690235	105329922	LOC117690235	20240702
117690241	105344276	LOC117690241	20240702
117690243	105339709	LOC117690243	20240702
117690244	105339698	LOC117690244	20240702
117690253	117684453	LOC117690253	20240702
117690257	105331686	LOC117690257	20240702
117690261	105342623	LOC117690261	20240702
117690263	117688677	LOC117690263	20240702
117690264	117688677	LOC117690264	20240702
117690266	117687068	LOC117690266	20240702
117690267	117685953	LOC117690267	20240702
117690274	109619298	LOC117690274	20240702
117690288	109618389	LOC117690288	20240702
117690296	105320608	LOC117690296	20240702
117690297	105320608	LOC117690297	20240702
117690299	105325442	LOC117690299	20240702
117690302	105320702	LOC117690302	20240702
117690312	105341865	LOC117690312	20240702
117690315	105317228	LOC117690315	20240702
117690318	105317232	LOC117690318	20240702
117690319	105317232	LOC117690319	20240702
117690320	105332783	LOC117690320	20240702
117690322	105332778	LOC117690322	20240702
117690323	105343249	LOC117690323	20240702
117690329	117689944	LOC117690329	20240702
117690334	117690335	LOC117690334	20240702
117690338	117690337	LOC117690338	20240702
117690341	117686987	LOC117690341	20240702
117690343	117690342	LOC117690343	20240702
117690344	117683797	LOC117690344	20240702
117690351	105318968	LOC117690351	20240702
117690353	105347473	LOC117690353	20240702
117690354	105318967	LOC117690354	20240702
117690355	105318966	LOC117690355	20240702
117690357	105318911	LOC117690357	20240702
117690360	105333641	LOC117690360	20240702
117690371	105336346	LOC117690371	20240702
117690374	117688953	LOC117690374	20240702
117690382	117681218	LOC117690382	20240702
117690386	105337501	LOC117690386	20240702
117690391	117690262	LOC117690391	20240702
117690392	105328365	LOC117690392	20240702
117690393	105331935	LOC117690393	20240702
117690400	105320702	LOC117690400	20240702
117690402	105346121	LOC117690402	20240702
117690404	105337493	LOC117690404	20240702
117690407	105333731	LOC117690407	20240702
117690410	105323928	LOC117690410	20240702
117690412	105318760	LOC117690412	20240702
117690413	109620758	LOC117690413	20240702
117690415	105346629	LOC117690415	20240702
117690419	105349228	LOC117690419	20240702
117690422	105339700	LOC117690422	20240702
117690423	117689871	LOC117690423	20240702
117690425	105324992	LOC117690425	20240702
117690427	109617191	LOC117690427	20240702
117690428	109617191	LOC117690428	20240702
117690431	105341194	LOC117690431	20240702
117690440	105320940	LOC117690440	20240702
117690441	105328619	LOC117690441	20240702
117690446	105333472	LOC117690446	20240702
117690448	105346124	LOC117690448	20240702
117690449	105346177	LOC117690449	20240702
117690458	105345068	LOC117690458	20240702
117690459	105339305	LOC117690459	20240702
117690460	105332686	LOC117690460	20240702
117690464	105333739	LOC117690464	20240702
117690479	105345640	LOC117690479	20240702
117690480	105344499	LOC117690480	20240702
117690481	105345640	LOC117690481	20240702
117690482	105345640	LOC117690482	20240702
117690483	117688335	LOC117690483	20240702
117690484	117692852	LOC117690484	20240702
117690487	105317858	LOC117690487	20240702
117690490	109617652	LOC117690490	20240702
117690491	117690194	LOC117690491	20240702
117690497	117685964	LOC117690497	20240702
117690504	117680337	LOC117690504	20240702
117690510	105345535	LOC117690510	20240702
117690517	117690516	LOC117690517	20240702
117690521	117690859	LOC117690521	20240702
117690524	117685234	LOC117690524	20240702
117690526	117685234	LOC117690526	20240702
117690531	105318708	LOC117690531	20240702
117690533	105318706	LOC117690533	20240702
117690534	105326749	LOC117690534	20240702
117690540	105318700	LOC117690540	20240702
117690542	105334514	LOC117690542	20240702
117690543	105331082	LOC117690543	20240702
117690549	105337398	LOC117690549	20240702
117690550	105339277	LOC117690550	20240702
117690551	105339282	LOC117690551	20240702
117690559	117690544	LOC117690559	20240702
117690561	105331084	LOC117690561	20240702
117690564	105344527	LOC117690564	20240702
117690568	105334512	LOC117690568	20240702
117690617	117684835	LOC117690617	20240702
117690622	105333780	LOC117690622	20240702
117690625	105330940	LOC117690625	20240702
117690627	117691347	LOC117690627	20240702
117690631	105323368	LOC117690631	20240702
117690642	105338686	LOC117690642	20240702
117690646	117680354	LOC117690646	20240702
117690648	117682894	LOC117690648	20240702
117690649	117681381	LOC117690649	20240702
117690650	117681381	LOC117690650	20240702
117690658	105333535	LOC117690658	20240702
117690663	117693025	LOC117690663	20240702
117690664	117687124	LOC117690664	20240702
117690673	117690667	LOC117690673	20240702
117690679	105337061	LOC117690679	20240702
117690682	105327142	LOC117690682	20240702
117690685	105333527	LOC117690685	20240702
117690686	117690997	LOC117690686	20240702
117690695	117685197	LOC117690695	20240702
117690696	117691224	LOC117690696	20240702
117690731	105337131	LOC117690731	20240702
117690742	117685957	LOC117690742	20240702
117690745	105338291	LOC117690745	20240702
117690752	117681612	LOC117690752	20240702
117690754	117690849	LOC117690754	20240704
117690758	105321989	LOC117690758	20240702
117690762	117691695	LOC117690762	20240702
117690767	109617250	LOC117690767	20240702
117690789	117685115	LOC117690789	20240702
117690793	105322753	LOC117690793	20240702
117690804	117692634	LOC117690804	20240702
117690813	117692296	LOC117690813	20240702
117690816	117689929	LOC117690816	20240702
117690820	117682712	LOC117690820	20240702
117690828	117686250	LOC117690828	20240702
117690834	109617184	LOC117690834	20240702
117690836	117692948	LOC117690836	20240702
117690837	105327010	LOC117690837	20240702
117690840	117686190	LOC117690840	20240702
117690843	117686224	LOC117690843	20240702
117690847	105321071	LOC117690847	20240702
117690853	117685967	LOC117690853	20240702
117690856	117690855	LOC117690856	20240702
117690868	117690867	LOC117690868	20240702
117690871	117685030	LOC117690871	20240702
117690876	117682451	LOC117690876	20240702
117690882	117686161	LOC117690882	20240702
117690886	117690647	LOC117690886	20240702
117690895	117681563	LOC117690895	20240702
117690902	105333210	LOC117690902	20240702
117690907	105336820	LOC117690907	20240702
117690913	117692314	LOC117690913	20240702
117690918	105329060	LOC117690918	20240702
117690921	105337927	LOC117690921	20240702
117690927	117687030	LOC117690927	20240702
117690933	117690203	LOC117690933	20240702
117690940	105339271	LOC117690940	20240702
117690951	117680314	LOC117690951	20240702
117690960	105327262	LOC117690960	20240702
117690961	117691247	LOC117690961	20240702
117690968	105320373	LOC117690968	20240702
117690972	105346280	LOC117690972	20240702
117690980	105334062	LOC117690980	20240702
117690981	105348029	LOC117690981	20240702
117690987	105334057	LOC117690987	20240702
117690988	105334058	LOC117690988	20240702
117690989	105334061	LOC117690989	20240702
117690999	109618080	LOC117690999	20240702
117691003	117691271	LOC117691003	20240702
117691006	117684941	LOC117691006	20240702
117691007	109620520	LOC117691007	20240702
117691012	117691011	LOC117691012	20240702
117691019	105345715	LOC117691019	20240702
117691023	109618080	LOC117691023	20240702
117691035	117680721	LOC117691035	20240702
117691038	105318330	LOC117691038	20240702
117691045	117686250	LOC117691045	20240702
117691046	117686250	LOC117691046	20240702
117691048	105318753	LOC117691048	20240702
117691051	117685872	LOC117691051	20240702
117691058	117685115	LOC117691058	20240702
117691059	117691426	LOC117691059	20240702
117691063	105328116	LOC117691063	20240702
117691065	105332054	LOC117691065	20240702
117691066	117692020	LOC117691066	20240702
117691067	117690639	LOC117691067	20240702
117691094	105320267	LOC117691094	20240702
117691095	105320809	LOC117691095	20240702
117691096	117691464	LOC117691096	20240702
117691105	117691106	LOC117691105	20240702
117691109	105332608	LOC117691109	20240702
117691112	105331445	LOC117691112	20240702
117691119	117690800	LOC117691119	20240702
117691120	105336007	LOC117691120	20240702
117691126	109618851	LOC117691126	20240702
117691130	105340029	LOC117691130	20240702
117691135	117692296	LOC117691135	20240702
117691136	117692297	LOC117691136	20240702
117691143	117682850	LOC117691143	20240702
117691144	105321071	LOC117691144	20240702
117691147	117693018	LOC117691147	20240702
117691150	117684065	LOC117691150	20240702
117691154	117691787	LOC117691154	20240702
117691156	117681367	LOC117691156	20240702
117691160	117687597	LOC117691160	20240702
117691162	117687597	LOC117691162	20240702
117691183	105320373	LOC117691183	20240702
117691189	105318274	LOC117691189	20240702
117691205	117688903	LOC117691205	20240702
117691253	105338409	LOC117691253	20240702
117691267	117680590	LOC117691267	20240702
117691270	117683526	LOC117691270	20240702
117691276	105321872	LOC117691276	20240702
117691293	105348634	LOC117691293	20240702
117691296	105334371	LOC117691296	20240702
117691297	117690623	LOC117691297	20240702
117691298	117690624	LOC117691298	20240702
117691300	105342641	LOC117691300	20240702
117691326	117683637	LOC117691326	20240702
117691336	117692051	LOC117691336	20240702
117691339	109621156	LOC117691339	20240702
117691341	117685378	LOC117691341	20240702
117691346	105334371	LOC117691346	20240702
117691349	117690629	LOC117691349	20240702
117691351	105335386	LOC117691351	20240702
117691352	105335387	LOC117691352	20240702
117691355	105347632	LOC117691355	20240702
117691372	117681445	LOC117691372	20240702
117691376	117682931	LOC117691376	20240702
117691377	117682911	LOC117691377	20240702
117691378	117690470	LOC117691378	20240702
117691382	105337673	LOC117691382	20240702
117691383	105336560	LOC117691383	20240702
117691385	105328261	LOC117691385	20240702
117691387	105336006	LOC117691387	20240702
117691390	105337090	LOC117691390	20240702
117691392	117691393	LOC117691392	20240702
117691402	105339739	LOC117691402	20240702
117691406	117680322	LOC117691406	20240702
117691409	117682786	LOC117691409	20240702
117691410	117685956	LOC117691410	20240702
117691414	117689670	LOC117691414	20240702
117691415	117691416	LOC117691415	20240702
117691417	117691416	LOC117691417	20240702
117691421	105343324	LOC117691421	20240702
117691432	117691429	LOC117691432	20240702
117691435	117691429	LOC117691435	20240702
117691436	109620409	LOC117691436	20240702
117691437	117691429	LOC117691437	20240702
117691439	105319331	LOC117691439	20240702
117691440	105327636	LOC117691440	20240702
117691441	105319331	LOC117691441	20240702
117691443	117691977	LOC117691443	20240702
117691444	105319331	LOC117691444	20240702
117691446	117686224	LOC117691446	20240702
117691448	117691429	LOC117691448	20240702
117691454	117691447	LOC117691454	20240702
117691455	117691277	LOC117691455	20240702
117691459	105321879	LOC117691459	20240702
117691467	105320796	LOC117691467	20240702
117691468	105320268	LOC117691468	20240702
117691471	109619424	LOC117691471	20240702
117691472	105330979	LOC117691472	20240702
117691474	117691384	LOC117691474	20240702
117691482	117691483	LOC117691482	20240702
117691485	105320313	LOC117691485	20240702
117691487	105320313	LOC117691487	20240702
117691488	105320312	LOC117691488	20240702
117691496	117691495	LOC117691496	20240702
117691499	109618080	LOC117691499	20240702
117691507	105331961	LOC117691507	20240702
117691514	117692919	LOC117691514	20240702
117691517	117691516	LOC117691517	20240702
117691528	117680578	LOC117691528	20240702
117691537	109618472	LOC117691537	20240702
117691545	117691544	LOC117691545	20240702
117691552	105339386	LOC117691552	20240702
117691554	105339407	LOC117691554	20240702
117691558	117690443	LOC117691558	20240702
117691562	117687078	LOC117691562	20240702
117691563	105317777	LOC117691563	20240702
117691568	117691567	LOC117691568	20240702
117691571	105340464	LOC117691571	20240702
117691573	117686623	LOC117691573	20240702
117691574	105340029	LOC117691574	20240702
117691575	105331097	LOC117691575	20240702
117691578	117687519	LOC117691578	20240702
117691601	105318474	LOC117691601	20240702
117691604	105323550	LOC117691604	20240702
117691622	105348181	LOC117691622	20240702
117691627	117680354	LOC117691627	20240702
117691632	109619133	LOC117691632	20240702
117691640	105322753	LOC117691640	20240702
117691646	105339050	LOC117691646	20240702
117691648	117683293	LOC117691648	20240702
117691654	117691483	LOC117691654	20240702
117691656	105330184	LOC117691656	20240702
117691658	105333779	LOC117691658	20240702
117691683	105330004	LOC117691683	20240702
117691690	117691687	LOC117691690	20240702
117691691	117691695	LOC117691691	20240702
117691693	117691695	LOC117691693	20240702
117691696	117680590	LOC117691696	20240702
117691697	117680590	LOC117691697	20240702
117691703	105321952	LOC117691703	20240702
117691705	105329131	LOC117691705	20240702
117691725	105320270	LOC117691725	20240702
117691728	105347799	LOC117691728	20240702
117691729	117690993	LOC117691729	20240702
117691734	117691359	LOC117691734	20240702
117691737	105321977	LOC117691737	20240702
117691739	105321977	LOC117691739	20240702
117691741	117687084	LOC117691741	20240702
117691747	117691746	LOC117691747	20240702
117691753	109617590	LOC117691753	20240702
117691757	117682387	LOC117691757	20240702
117691764	117685953	LOC117691764	20240702
117691773	105332528	LOC117691773	20240702
117691774	117691100	LOC117691774	20240702
117691775	105330555	LOC117691775	20240702
117691781	117691782	LOC117691781	20240702
117691791	105332926	LOC117691791	20240702
117691799	105318839	LOC117691799	20240702
117691801	105318848	LOC117691801	20240702
117691803	105318845	LOC117691803	20240702
117691806	105318843	LOC117691806	20240702
117691812	105318842	LOC117691812	20240702
117691815	105330086	LOC117691815	20240702
117691817	105318837	LOC117691817	20240702
117691830	117691818	LOC117691830	20240702
117691834	117689235	LOC117691834	20240702
117691839	105319015	LOC117691839	20240702
117691841	105343025	LOC117691841	20240702
117691844	105325800	LOC117691844	20240702
117691845	105325800	LOC117691845	20240702
117691850	117691689	LOC117691850	20240702
117691855	105323696	LOC117691855	20240702
117691858	105337798	LOC117691858	20240702
117691859	117683637	LOC117691859	20240702
117691860	117689380	LOC117691860	20240702
117691861	117691867	LOC117691861	20240702
117691863	117691897	LOC117691863	20240702
117691866	109618101	LOC117691866	20240702
117691868	117681709	LOC117691868	20240702
117691870	105323700	LOC117691870	20240702
117691873	105323696	LOC117691873	20240702
117691876	117691792	LOC117691876	20240702
117691878	105323700	LOC117691878	20240702
117691882	117692039	LOC117691882	20240702
117691884	105343844	LOC117691884	20240702
117691885	117685114	LOC117691885	20240702
117691887	105323696	LOC117691887	20240702
117691888	105337795	LOC117691888	20240702
117691892	117691893	LOC117691892	20240702
117691894	117691893	LOC117691894	20240702
117691895	117691874	LOC117691895	20240702
117691896	117680636	LOC117691896	20240702
117691899	117691902	LOC117691899	20240702
117691900	117685114	LOC117691900	20240702
117691901	105323700	LOC117691901	20240702
117691907	105334216	LOC117691907	20240702
117691924	109619043	LOC117691924	20240702
117691927	117690640	LOC117691927	20240702
117691930	105334382	LOC117691930	20240702
117691944	117691820	LOC117691944	20240702
117691946	117691818	LOC117691946	20240702
117691947	117685359	LOC117691947	20240702
117691948	117685359	LOC117691948	20240702
117691955	105322937	LOC117691955	20240702
117691965	105346356	LOC117691965	20240702
117691987	105330979	LOC117691987	20240702
117691989	105335566	LOC117691989	20240702
117691990	109617653	LOC117691990	20240702
117691995	105322753	LOC117691995	20240702
117691996	117687030	LOC117691996	20240702
117691997	117692107	LOC117691997	20240702
117692003	117682681	LOC117692003	20240702
117692004	117682681	LOC117692004	20240702
117692005	105334815	LOC117692005	20240702
117692006	105334814	LOC117692006	20240702
117692008	105340025	LOC117692008	20240702
117692016	117685997	LOC117692016	20240702
117692024	117690815	LOC117692024	20240702
117692033	117681575	LOC117692033	20240702
117692034	117688633	LOC117692034	20240702
117692036	117691874	LOC117692036	20240702
117692040	105331626	LOC117692040	20240702
117692041	105323697	LOC117692041	20240702
117692045	117692044	LOC117692045	20240702
117692046	117684677	LOC117692046	20240702
117692047	105326162	LOC117692047	20240702
117692048	117691733	LOC117692048	20240702
117692052	117691404	LOC117692052	20240702
117692053	117690788	LOC117692053	20240702
117692055	117688093	LOC117692055	20240702
117692057	117688214	LOC117692057	20240702
117692058	105329733	LOC117692058	20240702
117692060	105329731	LOC117692060	20240702
117692067	105323231	LOC117692067	20240702
117692071	105328263	LOC117692071	20240702
117692076	105343987	LOC117692076	20240702
117692077	105324312	LOC117692077	20240702
117692085	105345662	LOC117692085	20240702
117692086	105345715	LOC117692086	20240702
117692088	117692087	LOC117692088	20240702
117692090	105345664	LOC117692090	20240702
117692105	105324785	LOC117692105	20240702
117692106	105324749	LOC117692106	20240702
117692108	117686575	LOC117692108	20240702
117692109	105322827	LOC117692109	20240702
117692112	105348181	LOC117692112	20240702
117692119	117692116	LOC117692119	20240702
117692120	117691921	LOC117692120	20240702
117692145	117692144	LOC117692145	20240702
117692147	105324629	LOC117692147	20240702
117692150	105326405	LOC117692150	20240702
117692157	105326405	LOC117692157	20240702
117692160	105334203	LOC117692160	20240702
117692165	105334213	LOC117692165	20240702
117692185	117692186	LOC117692185	20240702
117692191	117692189	LOC117692191	20240702
117692197	117686091	LOC117692197	20240702
117692207	105323937	LOC117692207	20240702
117692208	117692852	LOC117692208	20240702
117692210	117691277	LOC117692210	20240702
117692213	117687212	LOC117692213	20240702
117692223	105334956	LOC117692223	20240702
117692230	105340480	LOC117692230	20240702
117692232	117692246	LOC117692232	20240702
117692239	117692238	LOC117692239	20240702
117692240	105324719	LOC117692240	20240702
117692248	105336415	LOC117692248	20240702
117692253	117686160	LOC117692253	20240702
117692255	105325337	LOC117692255	20240702
117692262	117691331	LOC117692262	20240702
117692263	105334815	LOC117692263	20240702
117692265	117692264	LOC117692265	20240702
117692266	105323879	LOC117692266	20240702
117692267	105320825	LOC117692267	20240702
117692273	105334383	LOC117692273	20240702
117692274	105334388	LOC117692274	20240702
117692277	105334397	LOC117692277	20240702
117692278	105345662	LOC117692278	20240702
117692283	105345662	LOC117692283	20240702
117692285	105345662	LOC117692285	20240702
117692302	117691290	LOC117692302	20240702
117692305	105339221	LOC117692305	20240702
117692315	117690626	LOC117692315	20240702
117692325	105330004	LOC117692325	20240702
117692326	117681884	LOC117692326	20240702
117692330	117688883	LOC117692330	20240702
117692365	117692361	LOC117692365	20240702
117692368	117692369	LOC117692368	20240702
117692370	105321067	LOC117692370	20240702
117692378	117692383	LOC117692378	20240702
117692381	105323293	LOC117692381	20240702
117692384	105343131	LOC117692384	20240702
117692385	105323269	LOC117692385	20240702
117692386	105343133	LOC117692386	20240702
117692400	105345680	LOC117692400	20240702
117692405	105317659	LOC117692405	20240702
117692423	105343449	LOC117692423	20240702
117692428	105345681	LOC117692428	20240702
117692430	105322774	LOC117692430	20240702
117692433	105330158	LOC117692433	20240702
117692435	105329063	LOC117692435	20240702
117692437	117685230	LOC117692437	20240702
117692439	105327844	LOC117692439	20240702
117692442	105327128	LOC117692442	20240702
117692449	105317143	LOC117692449	20240702
117692451	105338398	LOC117692451	20240702
117692463	105342410	LOC117692463	20240702
117692464	105342410	LOC117692464	20240702
117692466	117692991	LOC117692466	20240702
117692480	105331831	LOC117692480	20240702
117692483	105331817	LOC117692483	20240702
117692485	105345905	LOC117692485	20240702
117692489	105337461	LOC117692489	20240702
117692496	105329971	LOC117692496	20240702
117692497	105329973	LOC117692497	20240702
117692500	105332024	LOC117692500	20240702
117692501	105332024	LOC117692501	20240702
117692502	105345749	LOC117692502	20240702
117692523	105338316	LOC117692523	20240702
117692539	109618097	LOC117692539	20240702
117692542	105317143	LOC117692542	20240702
117692543	105317143	LOC117692543	20240702
117692544	105317143	LOC117692544	20240702
117692546	105329287	LOC117692546	20240702
117692547	105319310	LOC117692547	20240702
117692551	105327511	LOC117692551	20240702
117692552	105327511	LOC117692552	20240702
117692559	117683272	LOC117692559	20240702
117692574	117692575	LOC117692574	20240702
117692576	105347139	LOC117692576	20240702
117692583	105347183	LOC117692583	20240702
117692585	105347183	LOC117692585	20240702
117692587	105324972	LOC117692587	20240702
117692599	105339126	LOC117692599	20240702
117692601	105321101	LOC117692601	20240702
117692608	105343589	LOC117692608	20240702
117692618	117692620	LOC117692618	20240702
117692619	105342456	LOC117692619	20240702
117692623	109617500	LOC117692623	20240702
117692638	105325133	LOC117692638	20240702
117692639	105325133	LOC117692639	20240702
117692643	105344710	LOC117692643	20240702
117692647	117692648	LOC117692647	20240702
117692657	105348377	LOC117692657	20240702
117692663	105321523	LOC117692663	20240702
117692671	117692664	LOC117692671	20240702
117692675	117692665	LOC117692675	20240702
117692678	117681287	LOC117692678	20240702
117692680	105342577	LOC117692680	20240702
117692684	117690699	LOC117692684	20240702
117692685	105338195	LOC117692685	20240702
117692689	105327087	LOC117692689	20240702
117692690	117692700	LOC117692690	20240702
117692691	117692700	LOC117692691	20240702
117692694	117692695	LOC117692694	20240702
117692698	105338195	LOC117692698	20240702
117692699	105342577	LOC117692699	20240702
117692705	105338139	LOC117692705	20240702
117692706	105338128	LOC117692706	20240702
117692707	117692708	LOC117692707	20240702
117692718	109620166	LOC117692718	20240704
117692726	105334301	LOC117692726	20240702
117692739	117685349	LOC117692739	20240702
117692742	117688335	LOC117692742	20240702
117692744	117692745	LOC117692744	20240702
117692759	105333641	LOC117692759	20240702
117692760	117692783	LOC117692760	20240702
117692765	105322892	LOC117692765	20240702
117692769	105337490	LOC117692769	20240702
117692772	105342722	LOC117692772	20240702
117692782	105333641	LOC117692782	20240702
117692786	105318261	LOC117692786	20240702
117692789	105330748	LOC117692789	20240702
117692790	105339444	LOC117692790	20240702
117692794	117692801	LOC117692794	20240702
117692795	105328606	LOC117692795	20240702
117692796	105328586	LOC117692796	20240702
117692797	105328586	LOC117692797	20240702
117692798	105328588	LOC117692798	20240702
117692800	105328589	LOC117692800	20240702
117692806	105346626	LOC117692806	20240702
117692842	105336244	LOC117692842	20240702
117692847	117692569	LOC117692847	20240702
117692848	117692569	LOC117692848	20240702
117692855	117688213	LOC117692855	20240702
117692856	105330805	LOC117692856	20240702
117692857	105333582	LOC117692857	20240702
117692858	117692569	LOC117692858	20240702
117692863	117692932	LOC117692863	20240702
117692870	105340806	LOC117692870	20240702
117692884	105325748	LOC117692884	20240702
117692911	117692662	LOC117692911	20240702
117692915	105331867	LOC117692915	20240702
117692923	109618306	LOC117692923	20240702
117692926	105325742	LOC117692926	20240702
117692927	105325744	LOC117692927	20240702
117692928	105343657	LOC117692928	20240702
117692929	105321146	LOC117692929	20240702
117692937	117692936	LOC117692937	20240702
117692939	109619547	LOC117692939	20240702
117692941	117692936	LOC117692941	20240702
117692945	117681202	LOC117692945	20240702
117692950	105318717	LOC117692950	20240702
117692952	105345699	LOC117692952	20240702
117692954	105345699	LOC117692954	20240702
117692955	117692714	LOC117692955	20240702
117692961	105318688	LOC117692961	20240702
117692965	105318134	LOC117692965	20240702
117692966	105318134	LOC117692966	20240702
117692967	105318145	LOC117692967	20240702
117692981	105346568	LOC117692981	20240702
117692988	105334444	LOC117692988	20240702
117692995	117692987	LOC117692995	20240702
117692997	105334433	LOC117692997	20240702
117693006	105337775	LOC117693006	20240702
117693007	105337774	LOC117693007	20240702
117693013	105321122	LOC117693013	20240702
117693031	105329755	LOC117693031	20240702
117693035	105329105	LOC117693035	20240702
117693037	105326350	LOC117693037	20240702
117693044	117685075	LOC117693044	20240702
117693045	105325041	LOC117693045	20240702
117693046	117684253	LOC117693046	20240702
117693048	117684340	LOC117693048	20240702
117693057	105338278	LOC117693057	20240702
117693061	105324893	LOC117693061	20240702
117693062	105324895	LOC117693062	20240702
117693067	105337690	LOC117693067	20240702
117693081	105337354	LOC117693081	20240702
117693084	105337354	LOC117693084	20240702
117693088	105321860	LOC117693088	20240702
117693096	117680803	LOC117693096	20240702
117693098	105330748	LOC117693098	20240702
117693099	105346626	LOC117693099	20240702
117693100	105346619	LOC117693100	20240702
117693104	105321143	LOC117693104	20240702
117693105	105321145	LOC117693105	20240702
117693108	109618436	LOC117693108	20240702
117693128	105336245	LOC117693128	20240702
117693134	105337127	LOC117693134	20240702
117693136	117692450	LOC117693136	20240702
117693142	117693093	LOC117693142	20240702
117693149	117686192	LOC117693149	20240702
117693152	105329581	LOC117693152	20240702
117693156	105327203	LOC117693156	20240702
117693160	117685448	LOC117693160	20240702
117693169	105343390	LOC117693169	20240702
117693177	117684453	LOC117693177	20240702
117693185	105334699	LOC117693185	20240702
117693186	117692462	LOC117693186	20240702
